train/reward,time/iterations,time/fps,time/time_elapsed,time/total_timesteps,train/entropy_loss,train/n_updates,train/std,train/clip_fraction,train/clip_range,train/learning_rate,train/explained_variance,train/approx_kl,train/policy_gradient_loss,train/value_loss,train/loss,rollout/ep_len_mean,rollout/ep_rew_mean
,1,31,1,50,,,,,,,,,,,,,
,2,32,3,100,-42.57406234741211,10,1.0004019737243652,0.15400000028312205,0.2,0.00025,0.24400782585144043,0.023731718,-0.05876551588624714,0.0006039575033355504,-0.09709819406270981,,
,3,31,4,150,-42.58251953125,20,1.0005346536636353,0.08800000064074993,0.2,0.00025,-0.3355989456176758,0.017743284,-0.035663540208712166,0.000893723132321611,-0.07458776235580444,,
,4,31,6,200,-42.581647109985354,30,1.000303864479065,0.11799999997019768,0.2,0.00025,0.36012881994247437,0.019914133,-0.029118117389269216,0.0003597306887968443,-0.062054961919784546,,
,5,31,7,250,-42.569266891479494,40,0.9996505975723267,0.09199999906122684,0.2,0.00025,-2.489330530166626,0.020644475,-0.031587021243758784,0.0006771155545720831,-0.0647863894701004,,
,6,31,9,300,-42.549346923828125,50,0.9991188645362854,0.18599999994039534,0.2,0.00025,-0.05908215045928955,0.035788294,-0.04324517907760992,0.00048495836672373115,-0.08132046461105347,,
,7,30,11,350,-42.535421752929686,60,0.9986956715583801,0.11600000113248825,0.2,0.00025,0.5480761826038361,0.019276157,-0.03699050866626123,0.0014865524193737657,-0.07878317683935165,,
,8,30,12,400,-42.528620910644534,70,0.9988289475440979,0.08599999956786633,0.2,0.00025,0.219903826713562,0.019716067,-0.031180025710258973,0.0008680463244672865,-0.06522344797849655,,
,9,30,14,450,-42.536007690429685,80,0.999076783657074,0.07999999970197677,0.2,0.00025,-0.9008090496063232,0.015471242,-0.027873671988956517,0.0004259055262082256,-0.05991596356034279,,
,10,30,16,500,-42.542042922973636,90,0.9992257952690125,0.2359999965876341,0.2,0.00025,0.37619298696517944,0.036236368,-0.048762744426727525,0.000597702017694246,-0.07384885102510452,,
,11,30,18,550,-42.5441951751709,100,0.9992198944091797,0.20000000037252902,0.2,0.00025,0.45427846908569336,0.036536172,-0.056422635806724485,0.0010651672724634408,-0.10713113844394684,,
,12,30,19,600,-42.54278411865234,110,0.9990968108177185,0.1419999986886978,0.2,0.00025,0.23194479942321777,0.027017761,-0.026564399387687843,0.0010192795714829117,-0.046503640711307526,,
,13,30,21,650,-42.538629150390626,120,0.9990271329879761,0.1299999997019768,0.2,0.00025,-0.37363970279693604,0.025171885,-0.035691516373306344,0.0035791130037978293,-0.06886367499828339,,
,14,30,23,700,-42.53812255859375,130,0.9989691376686096,0.09999999962747097,0.2,0.00025,-0.0017163753509521484,0.022896633,-0.03353905920899649,0.00153427564073354,-0.07517928630113602,,
,15,30,24,750,-42.53425636291504,140,0.998882532119751,0.17799999788403512,0.2,0.00025,0.004216492176055908,0.030823842,-0.04376134440116601,0.0011010962654836476,-0.07984283566474915,,
,16,30,26,800,-42.53380241394043,150,0.998799741268158,0.11400000229477883,0.2,0.00025,-0.17663037776947021,0.022616053,-0.04826780795305972,0.0003388885081221815,-0.0942813977599144,,
,17,30,28,850,-42.524321746826175,160,0.9982401728630066,0.14199999943375588,0.2,0.00025,0.9012540727853775,0.027888263,-0.0404636521264905,0.000695588206872344,-0.08494310081005096,,
,18,30,29,900,-42.50812034606933,170,0.9978399872779846,0.12799999937415124,0.2,0.00025,-0.5054442882537842,0.022645175,-0.036959775663912266,0.0005615138667053543,-0.07257787138223648,,
,19,30,31,950,-42.49909019470215,180,0.9976699352264404,0.1700000014156103,0.2,0.00025,0.23655807971954346,0.023702553,-0.03466244076564919,0.0004921579151414335,-0.06726669520139694,,
,20,30,33,1000,-42.50124588012695,190,0.9981018900871277,0.13400000147521496,0.2,0.00025,-0.7548322677612305,0.023278117,-0.03492488275561527,0.0008680057217134163,-0.07229019701480865,,
,21,29,35,1050,-42.516104507446286,200,0.9984983801841736,0.161999998614192,0.2,0.00025,0.05563455820083618,0.037391573,-0.05336436188220972,0.0003482274274574593,-0.10831447690725327,,
,22,29,36,1100,-42.52313499450683,210,0.998550295829773,0.18599999882280827,0.2,0.00025,0.6811491250991821,0.033167265,-0.0437917997809123,0.001045973613508977,-0.08707772940397263,,
,23,30,38,1150,-42.523629379272464,220,0.9986204504966736,0.13599999956786632,0.2,0.00025,0.19356179237365723,0.027563157,-0.036365401510148845,0.000320752031984739,-0.07185011357069016,,
,24,30,39,1200,-42.5277816772461,230,0.9987964034080505,0.07599999904632568,0.2,0.00025,0.15085160732269287,0.01852891,-0.021744900583288995,0.00023317480372497812,-0.06536988168954849,,
,25,30,41,1250,-42.5293025970459,240,0.9985743165016174,0.15999999791383743,0.2,0.00025,-2.070284843444824,0.034699947,-0.03957480174303072,0.0003119646746199578,-0.07275547087192535,,
,26,30,43,1300,-42.52251930236817,250,0.9986043572425842,0.08599999994039535,0.2,0.00025,0.2453497052192688,0.020757627,-0.02497344775221677,0.0003056667075725272,-0.05644560232758522,,
,27,29,45,1350,-42.52566146850586,260,0.9986074566841125,0.14000000134110452,0.2,0.00025,0.17015820741653442,0.025953956,-0.04086877717822759,0.00012852217878389638,-0.0733979120850563,,
,28,29,47,1400,-42.52361488342285,270,0.9985615015029907,0.11000000163912774,0.2,0.00025,0.3158949613571167,0.027834523,-0.0423039408661424,0.00042870650941040367,-0.08452539145946503,,
,29,29,49,1450,-42.52335090637207,280,0.9985697865486145,0.051999999582767485,0.2,0.00025,0.685128390789032,0.011378075,-0.01647820924222465,0.00017416104528820143,-0.04257102310657501,,
,30,29,50,1500,-42.52701530456543,290,0.9989070296287537,0.10200000144541263,0.2,0.00025,0.8247700333595276,0.02050262,-0.0373214418608697,0.00015115471614990383,-0.07289798557758331,,
,31,29,52,1550,-42.53751335144043,300,0.9991689920425415,0.15999999903142453,0.2,0.00025,0.4223160743713379,0.026385909,-0.03719928625598499,0.00017148154947790317,-0.0699886679649353,,
,32,29,53,1600,-42.54243812561035,310,0.9992298483848572,0.1639999993145466,0.2,0.00025,0.7429838478565216,0.031755492,-0.051603345267474766,0.0001221130514750257,-0.10253321379423141,,
,33,29,55,1650,-42.54385185241699,320,0.9993482232093811,0.19799999855458736,0.2,0.00025,-0.6121714115142822,0.034895744,-0.04993596877157671,0.00034405440965201706,-0.09703971445560455,,
,34,29,57,1700,-42.54782676696777,330,0.9993990659713745,0.18600000143051149,0.2,0.00025,0.4546172022819519,0.02760929,-0.03364127073809513,0.0005137418396770954,-0.06998396664857864,,
,35,29,59,1750,-42.545165634155275,340,0.9991179704666138,0.17800000086426734,0.2,0.00025,0.45781034231185913,0.035459366,-0.056559911279006767,7.663195283384994e-05,-0.11155015230178833,,
,36,29,60,1800,-42.5330810546875,350,0.9986625909805298,0.33400000222027304,0.2,0.00025,0.7569304257631302,0.060545348,-0.05462039119005198,0.0002904359105741605,-0.0827835276722908,,
,37,29,62,1850,-42.52190628051758,360,0.9984162449836731,0.1519999999552965,0.2,0.00025,0.300578236579895,0.035009816,-0.04524883796740333,0.00016383888505515641,-0.08763033896684647,,
,38,29,64,1900,-42.51642036437988,370,0.9983130097389221,0.1880000002682209,0.2,0.00025,0.6635995507240295,0.03633035,-0.04603293722681769,0.0001862936966062989,-0.08382375538349152,,
,39,29,66,1950,-42.517835998535155,380,0.9986076951026917,0.20199999660253526,0.2,0.00025,-1.4271259307861328,0.031056475,-0.042353702124208324,0.00030483988812193277,-0.08517266064882278,,
,40,29,67,2000,-42.52625350952148,390,0.9987188577651978,0.17800000160932541,0.2,0.00025,0.6015421450138092,0.026784854,-0.0521391435954726,0.00028118831833126026,-0.1077541634440422,,
,41,29,69,2050,-42.52600364685058,400,0.9986683130264282,0.23400000259280204,0.2,0.00025,0.8676231503486633,0.053733587,-0.05185808404535095,0.00026476235361769793,-0.09491526335477829,,
,42,29,71,2100,-42.52601165771485,410,0.99873286485672,0.2519999995827675,0.2,0.00025,0.025292813777923584,0.0512163,-0.05516508910060054,0.00018737416830845178,-0.09026392549276352,,
,43,29,73,2150,-42.529110717773435,420,0.9989364147186279,0.14399999901652336,0.2,0.00025,0.7212896347045898,0.027418679,-0.01968354958016434,5.6801811660989186e-05,-0.04958826303482056,,
,44,29,74,2200,-42.53293037414551,430,0.9988560080528259,0.19799999929964543,0.2,0.00025,0.646212100982666,0.030716574,-0.0410236070137471,0.00021094453404657543,-0.08178262412548065,,
,45,29,76,2250,-42.5273681640625,440,0.9986478090286255,0.2840000007301569,0.2,0.00025,0.6611350774765015,0.05676186,-0.052543096706271795,0.0003629287515650503,-0.09140056371688843,,
,46,29,77,2300,-42.52268829345703,450,0.9986092448234558,0.18399999998509883,0.2,0.00025,0.666458010673523,0.040675953,-0.05040650519728658,0.0005505962239112705,-0.09348320960998535,,
,47,29,79,2350,-42.52084045410156,460,0.9984028339385986,0.17399999760091306,0.2,0.00025,0.7416079044342041,0.03761181,-0.03583728317217947,0.0002886120026232675,-0.07431190460920334,,
,48,29,81,2400,-42.51448097229004,470,0.9983206987380981,0.11999999992549419,0.2,0.00025,-0.46498751640319824,0.022743858,-0.04369946878776006,0.001264204501057975,-0.08327897638082504,,
,49,29,82,2450,-42.5131332397461,480,0.9982632994651794,0.24000000022351742,0.2,0.00025,0.38785624504089355,0.0631005,-0.045142586977220844,0.0006790992280002684,-0.08726884424686432,,
,50,29,84,2500,-42.508740997314455,490,0.9979929327964783,0.18799999877810478,0.2,0.00025,-0.8310941457748413,0.037785266,-0.04123215731699013,0.0010697039659135043,-0.08241856098175049,,
,51,29,86,2550,-42.498837280273435,500,0.9976743459701538,0.25200000293552877,0.2,0.00025,0.7993554323911667,0.052762233,-0.05712887174263557,0.000569184505729936,-0.09948139637708664,,
,52,29,88,2600,-42.4896427154541,510,0.9973812699317932,0.24399999529123306,0.2,0.00025,0.018541276454925537,0.040296897,-0.04604766603372923,0.0019212230923585593,-0.08208480477333069,,
,53,29,89,2650,-42.48273468017578,520,0.9973158240318298,0.2040000006556511,0.2,0.00025,0.6430816650390625,0.04087964,-0.04558881740644551,0.00029147116001695397,-0.09382396191358566,,
,54,29,91,2700,-42.48361091613769,530,0.9974018335342407,0.14199999794363977,0.2,0.00025,0.7770000398159027,0.029661968,-0.032902499596588086,0.00010350036536692642,-0.0711413249373436,,
,55,29,92,2750,-42.485147857666014,540,0.9973974823951721,0.08800000064074993,0.2,0.00025,-4.492882251739502,0.024193535,-0.031588394686812474,0.000559544435236603,-0.07257179915904999,,
,56,29,94,2800,-42.48399200439453,550,0.9973369240760803,0.20000000186264516,0.2,0.00025,0.6497143805027008,0.028848914,-0.044475812250747995,0.0003930199600290507,-0.09241537749767303,,
,57,29,96,2850,-42.48486213684082,560,0.9975531101226807,0.16399999745190144,0.2,0.00025,0.3497985601425171,0.023358412,-0.03648281628731524,0.0023729221196845175,-0.07833434641361237,,
,58,29,97,2900,-42.495854187011716,570,0.9980950951576233,0.16399999968707563,0.2,0.00025,-0.11850440502166748,0.030603297,-0.04665233726520057,0.0010088255512528121,-0.09210939705371857,,
,59,29,99,2950,-42.51469039916992,580,0.9987221956253052,0.13200000077486038,0.2,0.00025,-0.2814147472381592,0.02165887,-0.030576841953210733,0.000923890492413193,-0.07754191011190414,,
,60,29,103,3000,-42.52853698730469,590,0.9989783763885498,0.18200000151991844,0.2,0.00025,0.40853267908096313,0.041952208,-0.0390392984943464,0.00099399343598634,-0.08907896280288696,2960.0,0.758564
,61,29,104,3050,-42.533089828491214,600,0.9990306496620178,0.09200000017881393,0.2,0.00025,0.7271988391876221,0.025520569,-0.04658968245983104,0.0009776071790838614,-0.08118389546871185,2960.0,0.758564
,62,29,106,3100,-42.531250381469725,610,0.9989011883735657,0.15200000181794165,0.2,0.00025,-0.2878437042236328,0.026699163,-0.02545055713504496,0.0010981427272781729,-0.0482146255671978,2960.0,0.758564
,63,29,107,3150,-42.52489166259765,620,0.998478353023529,0.11800000071525574,0.2,0.00025,0.333696186542511,0.020061774,-0.03489219721779193,0.00020561565470416098,-0.0683899074792862,2960.0,0.758564
,64,29,109,3200,-42.5109920501709,630,0.9981337189674377,0.10600000247359276,0.2,0.00025,-0.6748321056365967,0.018585816,-0.03061222067195919,0.0003166724287439138,-0.06560683250427246,2960.0,0.758564
,65,29,111,3250,-42.50527229309082,640,0.998224139213562,0.0919999998062849,0.2,0.00025,0.4423063397407532,0.018286724,-0.041322205083444884,0.0004881982604274526,-0.07992826402187347,2960.0,0.758564
,66,29,112,3300,-42.514888000488284,650,0.9987411499023438,0.03999999947845936,0.2,0.00025,0.41261017322540283,0.012415852,-0.028814890842187423,0.0009005466476082802,-0.07182928174734116,2960.0,0.758564
,67,29,114,3350,-42.5303092956543,660,0.9991553425788879,0.09600000083446503,0.2,0.00025,0.1536760926246643,0.022662187,-0.03297662170813424,0.0006662363448413089,-0.07820720970630646,2960.0,0.758564
,68,29,115,3400,-42.54268684387207,670,0.99961918592453,0.10600000061094761,0.2,0.00025,0.6538401544094086,0.021294245,-0.02482279891450858,0.00020991212804801762,-0.060828644782304764,2960.0,0.758564
,69,29,117,3450,-42.55765838623047,680,1.0001500844955444,0.07799999937415122,0.2,0.00025,0.7714399695396423,0.014007565,-0.017154347727540653,0.00022640005736320745,-0.03908492624759674,2960.0,0.758564
,70,29,118,3500,-42.57182502746582,690,1.0005265474319458,0.06000000052154064,0.2,0.00025,0.4018735885620117,0.016505387,-0.034843824502080165,0.0003593508023186587,-0.06804979592561722,2960.0,0.758564
,71,29,120,3550,-42.58321342468262,700,1.0009392499923706,0.08200000040233135,0.2,0.00025,-0.15315759181976318,0.017466785,-0.022782973687164088,0.00027625103975879026,-0.04773138090968132,2960.0,0.758564
,72,29,121,3600,-42.59249420166016,710,1.0010403394699097,0.14400000236928462,0.2,0.00025,-0.24374651908874512,0.03232779,-0.038896111764015015,0.0010296436899807303,-0.07444532960653305,2960.0,0.758564
,73,29,123,3650,-42.593030548095705,720,1.0010489225387573,0.07399999871850013,0.2,0.00025,0.205044686794281,0.018042391,-0.03792815218213974,0.0011060311109758914,-0.08455067127943039,2960.0,0.758564
,74,29,125,3700,-42.59039497375488,730,1.0008217096328735,0.11799999959766864,0.2,0.00025,0.23270338773727417,0.023196364,-0.0354223844772207,0.0006113883573561907,-0.06887434422969818,2960.0,0.758564
,75,29,126,3750,-42.57942886352539,740,1.0002849102020264,0.06999999992549419,0.2,0.00025,0.700971782207489,0.014153722,-0.02140084885340059,0.00015655847528250888,-0.04922904819250107,2960.0,0.758564
,76,29,128,3800,-42.56490211486816,750,1.0000112056732178,0.05799999982118607,0.2,0.00025,0.854683130979538,0.0133612845,-0.024456615029833983,0.0001770545419276459,-0.054402291774749756,2960.0,0.758564
,77,29,129,3850,-42.562430953979494,760,1.0000485181808472,0.11399999782443046,0.2,0.00025,0.01194143295288086,0.026897393,-0.040435052536427915,0.00024085558688966558,-0.07686342298984528,2960.0,0.758564
,78,29,131,3900,-42.56156768798828,770,0.9999114871025085,0.16400000266730785,0.2,0.00025,-0.24372553825378418,0.028934669,-0.026926074019633005,0.00014327478565974162,-0.0546482689678669,2960.0,0.758564
,79,29,133,3950,-42.55311126708985,780,0.9994099736213684,0.21399999931454658,0.2,0.00025,0.28863781690597534,0.04293907,-0.045845883086323626,0.00037331802013795823,-0.07863672822713852,2960.0,0.758564
,80,29,135,4000,-42.537902450561525,790,0.9990482330322266,0.12199999913573265,0.2,0.00025,-0.4425727128982544,0.025730135,-0.04120412346534437,0.000152222176984651,-0.08160605281591415,2960.0,0.758564
,81,29,136,4050,-42.53349609375,800,0.9992008209228516,0.24000000022351742,0.2,0.00025,0.7430490255355835,0.05939637,-0.053221128042787315,8.683542546350509e-05,-0.0987590104341507,2960.0,0.758564
,82,29,138,4100,-42.54015121459961,810,0.9994089007377625,0.22199999615550042,0.2,0.00025,-0.3543652296066284,0.035407837,-0.041511188659816865,0.0003240829304559156,-0.07221881300210953,2960.0,0.758564
,83,29,140,4150,-42.544351196289064,820,0.9994876980781555,0.15799999982118607,0.2,0.00025,0.34773993492126465,0.031650648,-0.044866578153335016,0.00016537802293896674,-0.09453142434358597,2960.0,0.758564
,84,29,141,4200,-42.54803352355957,830,0.9997450113296509,0.2320000033825636,0.2,0.00025,0.1264393925666809,0.04243708,-0.042873939216136844,0.0001291164524445776,-0.07559632509946823,2960.0,0.758564
,85,29,143,4250,-42.55935783386231,840,1.0002477169036865,0.14799999967217445,0.2,0.00025,0.2725412845611572,0.02427711,-0.03661962237209053,0.0002837082953192294,-0.0747520700097084,2960.0,0.758564
,86,29,144,4300,-42.5731559753418,850,1.0005290508270264,0.23600000254809855,0.2,0.00025,0.27412843704223633,0.04350874,-0.039212416039779784,0.00011639301956165582,-0.07381743937730789,2960.0,0.758564
,87,29,146,4350,-42.578330993652344,860,1.000678300857544,0.24600000120699406,0.2,0.00025,0.813274621963501,0.054938592,-0.04331137203052719,0.00014307213641586713,-0.07336036115884781,2960.0,0.758564
,88,29,147,4400,-42.580925369262694,870,1.0005916357040405,0.23600000254809855,0.2,0.00025,0.1274086833000183,0.0417012,-0.053067762568593226,0.0002618687634821981,-0.09657421708106995,2960.0,0.758564
,89,29,149,4450,-42.574835205078124,880,1.000290870666504,0.25199999623000624,0.2,0.00025,0.8478938639163971,0.04810367,-0.061185272734612536,0.00024104483891278504,-0.10226769000291824,2960.0,0.758564
,90,29,150,4500,-42.56791038513184,890,1.0002410411834717,0.18599999956786634,0.2,0.00025,0.6340083181858063,0.036539335,-0.04825016968697184,0.00014761817219550722,-0.08465252071619034,2960.0,0.758564
,91,29,152,4550,-42.56760597229004,900,1.00020170211792,0.19199999868869783,0.2,0.00025,0.15760457515716553,0.033401962,-0.03902278630714875,0.00016584797485847959,-0.08337783813476562,2960.0,0.758564
,92,29,154,4600,-42.56826286315918,910,1.0003424882888794,0.17599999941885472,0.2,0.00025,0.4669615626335144,0.032580588,-0.0398060408383607,0.0002979746393975802,-0.08230775594711304,2960.0,0.758564
,93,29,155,4650,-42.57149810791016,920,1.000331163406372,0.21199999935925007,0.2,0.00025,0.5076679587364197,0.041960035,-0.04615481802076147,0.0005043116660090163,-0.08345971256494522,2960.0,0.758564
,94,29,157,4700,-42.5684455871582,930,1.0001678466796875,0.23999999947845935,0.2,0.00025,0.4830285310745239,0.043962307,-0.05158456751331712,0.00011494190184748731,-0.08678370714187622,2960.0,0.758564
,95,29,158,4750,-42.56578025817871,940,1.0002738237380981,0.22599999867379666,0.2,0.00025,0.8313159197568893,0.037335586,-0.05456878525018709,0.0003101173409959301,-0.09644176810979843,2960.0,0.758564
,96,29,160,4800,-42.57009696960449,950,1.000394344329834,0.24999999552965163,0.2,0.00025,0.5427833199501038,0.05935471,-0.049100984528661226,0.00013342176025616937,-0.08986362814903259,2960.0,0.758564
,97,29,162,4850,-42.57210350036621,960,1.0003986358642578,0.11399999894201755,0.2,0.00025,0.7272735238075256,0.027406327,-0.033746203629300454,5.388777244661469e-05,-0.07487654685974121,2960.0,0.758564
,98,29,163,4900,-42.5690372467041,970,1.000160813331604,0.2039999969303608,0.2,0.00025,0.5330697000026703,0.04191277,-0.04320703056082138,0.000185641542338999,-0.07890868186950684,2960.0,0.758564
,99,29,165,4950,-42.56022338867187,980,0.9998822808265686,0.19199999645352364,0.2,0.00025,0.4791818857192993,0.041105524,-0.04855019068717894,0.00019282946959719993,-0.09110473841428757,2960.0,0.758564
,100,29,166,5000,-42.55316505432129,990,0.9996870160102844,0.13599999994039536,0.2,0.00025,0.7929165065288544,0.030543074,-0.03510543516557618,0.0001306102942180587,-0.07414264976978302,2960.0,0.758564
,101,30,168,5050,-42.54853401184082,1000,0.9995930194854736,0.20000000298023224,0.2,0.00025,0.3565523028373718,0.045216277,-0.05287022139504529,0.00014530519838444888,-0.10050555318593979,2960.0,0.758564
,102,30,169,5100,-42.547010803222655,1010,0.9995839595794678,0.16999999880790712,0.2,0.00025,0.023552358150482178,0.030034957,-0.034295729437261,0.00017904495471157133,-0.07899606972932816,2960.0,0.758564
,103,30,171,5150,-42.54913063049317,1020,0.9997689723968506,0.2399999987334013,0.2,0.00025,0.9259579181671143,0.03726563,-0.03373489503189919,8.635668782517314e-05,-0.06366470456123352,2960.0,0.758564
,104,30,172,5200,-42.55750923156738,1030,1.000080943107605,0.23200000040233135,0.2,0.00025,0.36434340476989746,0.054408584,-0.04150912783294913,0.0005638174538034946,-0.07731731235980988,2960.0,0.758564
,105,30,174,5250,-42.563866424560544,1040,1.000159740447998,0.16599999964237214,0.2,0.00025,0.6316634118556976,0.025754018,-0.04037105789687416,0.0006668884598184377,-0.08478148281574249,2960.0,0.758564
,106,30,175,5300,-42.56558074951172,1050,1.0001826286315918,0.18199999779462814,0.2,0.00025,0.5189564824104309,0.029095855,-0.03241456958185722,0.0003216236596927047,-0.08255746960639954,2960.0,0.758564
,107,30,177,5350,-42.5653938293457,1060,1.0001765489578247,0.21199999786913395,0.2,0.00025,-0.7832310199737549,0.049801297,-0.0537175279706716,0.0010076518985442818,-0.0908733457326889,2960.0,0.758564
,108,30,178,5400,-42.56373138427735,1070,1.0000300407409668,0.1919999998062849,0.2,0.00025,0.13383054733276367,0.049313888,-0.03763731873594196,0.0009371154621476308,-0.07075697183609009,2960.0,0.758564
,109,30,180,5450,-42.55888214111328,1080,0.9999411702156067,0.2659999992698431,0.2,0.00025,0.5887940227985382,0.054598294,-0.05170274895057218,0.00037237764772726225,-0.08716444671154022,2960.0,0.758564
,110,30,181,5500,-42.55930366516113,1090,1.00007963180542,0.25600000470876694,0.2,0.00025,0.8525556027889252,0.044187106,-0.03745512872934338,0.0001974904676899314,-0.07234157621860504,2960.0,0.758564
,111,30,183,5550,-42.5639892578125,1100,1.0001965761184692,0.19200000092387198,0.2,0.00025,-4.408938407897949,0.034557458,-0.04945373261347399,0.0008562947448808699,-0.09487221390008926,2960.0,0.758564
,112,30,184,5600,-42.56616630554199,1110,1.0002665519714355,0.27999999970197675,0.2,0.00025,0.5729518830776215,0.064193554,-0.06090924226492689,0.0004356916586402804,-0.1046353355050087,2960.0,0.758564
,113,30,186,5650,-42.57014350891113,1120,1.000511884689331,0.17399999648332595,0.2,0.00025,0.6987978219985962,0.036417916,-0.04443582564033619,0.00012685983601841145,-0.09340929239988327,2960.0,0.758564
,114,30,188,5700,-42.577368545532224,1130,1.000684380531311,0.23600000143051147,0.2,0.00025,-0.6168999671936035,0.03970155,-0.03574870778527384,0.000355319314985536,-0.077556312084198,2960.0,0.758564
,115,30,189,5750,-42.58336181640625,1140,1.0010247230529785,0.3059999939054251,0.2,0.00025,0.3696521520614624,0.05078918,-0.03329555804282478,0.0001357180983177386,-0.04976707324385643,2960.0,0.758564
,116,30,191,5800,-42.59515266418457,1150,1.0013651847839355,0.1740000020712614,0.2,0.00025,0.5921495258808136,0.035300456,-0.049893389350734195,0.002693758509121835,-0.0977153331041336,2960.0,0.758564
,117,30,192,5850,-42.60293197631836,1160,1.0014888048171997,0.2480000037699938,0.2,0.00025,0.6944922506809235,0.044268876,-0.04307694334909229,0.00041347348305862395,-0.0679512619972229,2960.0,0.758564
,118,30,194,5900,-42.603451538085935,1170,1.0015040636062622,0.2680000014603138,0.2,0.00025,-0.7554996013641357,0.061440088,-0.06814690992981198,0.0006934980541700497,-0.12652374804019928,2960.0,0.758564
,119,30,197,5950,-42.606798553466795,1180,1.0016995668411255,0.26800000071525576,0.2,0.00025,0.5346313118934631,0.04415344,-0.042110279446468016,0.000732977781444788,-0.07846023887395859,2960.0,0.797859
,120,30,199,6000,-42.610958862304685,1190,1.0016441345214844,0.12199999876320362,0.2,0.00025,0.986818814650178,0.033017777,-0.05090112029016005,0.00039063194126356395,-0.09955606609582901,2960.0,0.797859
,121,30,200,6050,-42.60714912414551,1200,1.0016047954559326,0.14799999818205833,0.2,0.00025,-0.06652379035949707,0.03772977,-0.044788119520526415,0.0012533321045339108,-0.09107993543148041,2960.0,0.797859
,122,30,202,6100,-42.60658760070801,1210,1.0014809370040894,0.11999999992549419,0.2,0.00025,0.45374518632888794,0.025027238,-0.038578230184504035,0.00032618197292322293,-0.07570813596248627,2960.0,0.797859
,123,30,203,6150,-42.60219459533691,1220,1.001488447189331,0.10599999837577342,0.2,0.00025,0.4805665612220764,0.019973524,-0.02172008908190719,0.00021264590322971343,-0.05114632472395897,2960.0,0.797859
,124,30,205,6200,-42.60475616455078,1230,1.0015366077423096,0.21600000225007535,0.2,0.00025,0.3009237051010132,0.040462505,-0.034187086866703,0.001056888373568654,-0.0626666247844696,2960.0,0.797859
,125,30,206,6250,-42.60287704467773,1240,1.0014121532440186,0.19000000096857547,0.2,0.00025,0.5455662906169891,0.032794055,-0.042613314196466946,0.00038226578762987626,-0.07422346621751785,2960.0,0.797859
,126,30,208,6300,-42.60020904541015,1250,1.0014702081680298,0.16999999806284904,0.2,0.00025,0.4312025308609009,0.028701248,-0.03897813116945344,0.0010486488521564753,-0.07343491911888123,2960.0,0.797859
,127,30,209,6350,-42.60224952697754,1260,1.0014879703521729,0.13599999956786632,0.2,0.00025,0.7833448797464371,0.028494105,-0.03340202120598405,0.0003625924815423787,-0.07121174037456512,2960.0,0.797859
,128,30,211,6400,-42.603546905517575,1270,1.0016112327575684,0.103999999538064,0.2,0.00025,0.8036402612924576,0.020639354,-0.03779867134301469,0.00016855794856383,-0.08702008426189423,2960.0,0.797859
,129,30,212,6450,-42.60226402282715,1280,1.0012798309326172,0.1780000027269125,0.2,0.00025,0.02882939577102661,0.030432029,-0.05150808852910984,0.00024708996643312274,-0.09652459621429443,2960.0,0.797859
,130,30,214,6500,-42.591264724731445,1290,1.001037359237671,0.19999999701976776,0.2,0.00025,0.4398602247238159,0.034488887,-0.03479010045342079,0.00033434408542234453,-0.07150137424468994,2960.0,0.797859
,131,30,215,6550,-42.587520599365234,1300,1.0009841918945312,0.1539999980479479,0.2,0.00025,0.2832413911819458,0.038534246,-0.03486579909920699,0.0007862979255151004,-0.07024100422859192,2960.0,0.797859
,132,30,217,6600,-42.58768310546875,1310,1.001051664352417,0.2280000027269125,0.2,0.00025,0.2000223994255066,0.042680558,-0.05784692347422151,0.002045396633911878,-0.09357817471027374,2960.0,0.797859
,133,30,218,6650,-42.592301559448245,1320,1.0012975931167603,0.25000000074505807,0.2,0.00025,0.24407058954238892,0.041196585,-0.05504870199412082,0.0010841133771464229,-0.09674253314733505,2960.0,0.797859
,134,30,219,6700,-42.60040397644043,1330,1.0015488862991333,0.37400000281631945,0.2,0.00025,0.6256394386291504,0.052656937,-0.040895111225546545,0.00033883440773934125,-0.06266074627637863,2960.0,0.797859
,135,30,221,6750,-42.604550170898435,1340,1.0015634298324585,0.18800000250339508,0.2,0.00025,0.6876596212387085,0.031473804,-0.04086099580302829,0.00027679284394253043,-0.07718784362077713,2960.0,0.797859
,136,30,223,6800,-42.60047073364258,1350,1.0012452602386475,0.22200000397861003,0.2,0.00025,0.6452128887176514,0.038106505,-0.03379541100934151,0.0005010263004805893,-0.06772192567586899,2960.0,0.797859
,137,30,225,6850,-42.58823661804199,1360,1.0008362531661987,0.1879999991506338,0.2,0.00025,-0.10939836502075195,0.030625315,-0.035506870098412066,0.000158157179976115,-0.061127349734306335,2960.0,0.797859
,138,30,226,6900,-42.58144874572754,1370,1.0008317232131958,0.24799999855458738,0.2,0.00025,0.37433499097824097,0.035551537,-0.04803388348594808,0.0006176433176733554,-0.08090448379516602,2960.0,0.797859
,139,30,228,6950,-42.582284164428714,1380,1.000832200050354,0.164000004529953,0.2,0.00025,-0.9604241847991943,0.030658154,-0.03634500330872825,0.00016617503351881168,-0.07282398641109467,2960.0,0.797859
,140,30,231,7000,-42.58399696350098,1390,1.0010565519332886,0.24799999892711638,0.2,0.00025,-0.3183852434158325,0.05180889,-0.047231383802369464,0.00011310552363283933,-0.08685386180877686,2960.0,0.797859
,141,30,232,7050,-42.59221992492676,1400,1.0012017488479614,0.2900000050663948,0.2,0.00025,-0.9811186790466309,0.05107172,-0.03836289025098125,0.0007572703761979938,-0.0668671652674675,2960.0,0.797859
,142,30,234,7100,-42.591796875,1410,1.0010572671890259,0.1760000005364418,0.2,0.00025,0.2055046558380127,0.037067793,-0.043430426649749165,0.00025595065380912274,-0.08760310709476471,2960.0,0.797859
,143,30,236,7150,-42.587083435058595,1420,1.0009487867355347,0.18599999621510505,0.2,0.00025,0.5217539370059967,0.038971152,-0.03659357247687893,0.0001152675729827024,-0.06708481907844543,2960.0,0.797859
,144,30,237,7200,-42.5821029663086,1430,1.000600814819336,0.2100000001490116,0.2,0.00025,0.5069096684455872,0.0429306,-0.04354051775485317,0.00015955558919813483,-0.08625366538763046,2960.0,0.797859
,145,30,239,7250,-42.57407722473145,1440,1.0006163120269775,0.2019999947398901,0.2,0.00025,0.786850318312645,0.039664194,-0.04581011928245289,1.72111898791627e-05,-0.09183826297521591,2960.0,0.797859
,146,30,241,7300,-42.57860908508301,1450,1.0008100271224976,0.21799999997019767,0.2,0.00025,0.8167246133089066,0.037313223,-0.043662762023508515,3.139526379527524e-05,-0.08171849697828293,2960.0,0.797859
,147,30,242,7350,-42.58151550292969,1460,1.0007821321487427,0.17000000290572642,0.2,0.00025,0.3611189126968384,0.036132406,-0.057623106051237015,0.00018072269303957,-0.10463287681341171,2960.0,0.797859
,148,30,244,7400,-42.57686920166016,1470,1.000471591949463,0.2880000025033951,0.2,0.00025,0.7494151890277863,0.058367882,-0.06937878047674886,0.00022879822936374694,-0.11881072074174881,2960.0,0.797859
,149,30,246,7450,-42.564456176757815,1480,1.0000019073486328,0.16600000075995922,0.2,0.00025,0.6099255979061127,0.033379145,-0.03673136152233951,0.00011095147419837303,-0.07343804091215134,2960.0,0.797859
,150,30,248,7500,-42.55105781555176,1490,0.9996297359466553,0.16999999955296516,0.2,0.00025,0.05696988105773926,0.039679464,-0.05067421740852325,0.00013345140469027682,-0.09795031696557999,2960.0,0.797859
,151,30,250,7550,-42.54018707275391,1500,0.9992573857307434,0.3119999997317791,0.2,0.00025,0.6406845152378082,0.06517007,-0.05956622190028327,0.0001464423577999696,-0.104203000664711,2960.0,0.797859
,152,30,252,7600,-42.52967758178711,1510,0.9989567399024963,0.21199999637901784,0.2,0.00025,0.47430723905563354,0.041110076,-0.04230857605394078,0.0005462159519083798,-0.0888599082827568,2960.0,0.797859
,153,30,254,7650,-42.524482345581056,1520,0.9990234971046448,0.16400000005960463,0.2,0.00025,0.6167694330215454,0.026756579,-0.032089261538349234,0.00015491103404201566,-0.06605812162160873,2960.0,0.797859
,154,29,256,7700,-42.52600517272949,1530,0.9988610148429871,0.2879999984055758,0.2,0.00025,0.8716211766004562,0.05466547,-0.053405473079531876,0.00023716154682915658,-0.08483035117387772,2960.0,0.797859
,155,29,258,7750,-42.51981048583984,1540,0.9988428950309753,0.18000000081956385,0.2,0.00025,0.7030588984489441,0.028553572,-0.03608930602576592,0.00022757654514862224,-0.07126539200544357,2960.0,0.797859
,156,29,260,7800,-42.52239570617676,1550,0.9989060759544373,0.18000000081956385,0.2,0.00025,0.6899921596050262,0.033337496,-0.03807505282340564,9.145752992480993e-05,-0.07860752195119858,2960.0,0.797859
,157,29,261,7850,-42.52120094299316,1560,0.9988400936126709,0.14600000008940697,0.2,0.00025,0.500521719455719,0.03302474,-0.035935105406446156,0.00018838414107449352,-0.07923607528209686,2960.0,0.797859
,158,29,263,7900,-42.516635513305665,1570,0.9985385537147522,0.14200000017881392,0.2,0.00025,0.086142897605896,0.03470843,-0.037198459558189255,0.00021936050179647282,-0.0929662361741066,2960.0,0.797859
,159,29,265,7950,-42.50862808227539,1580,0.9984452128410339,0.24999999813735485,0.2,0.00025,0.7625653296709061,0.05494044,-0.0571637176275253,0.0001530869874841301,-0.10594867169857025,2960.0,0.797859
,160,29,266,8000,-42.50812683105469,1590,0.9984650015830994,0.1460000015795231,0.2,0.00025,0.16866976022720337,0.028973885,-0.040250328543478986,0.00017030274684657343,-0.09464313834905624,2960.0,0.797859
,161,30,268,8050,-42.5091796875,1600,0.9985261559486389,0.2599999956786633,0.2,0.00025,-0.785487174987793,0.051275767,-0.06316590400785174,0.0002542142923630308,-0.11583095043897629,2960.0,0.797859
,162,30,269,8100,-42.51212844848633,1610,0.9988041520118713,0.2800000015646219,0.2,0.00025,0.8757685422897339,0.048577536,-0.05735661872476498,0.00018304342047485988,-0.10153640061616898,2960.0,0.797859
,163,30,271,8150,-42.525033950805664,1620,0.9992477297782898,0.27200000248849393,0.2,0.00025,0.1445135474205017,0.059158772,-0.06474450090154989,0.00043487584771355613,-0.10907258838415146,2960.0,0.797859
,164,30,272,8200,-42.534676742553714,1630,0.9995099306106567,0.3100000064820051,0.2,0.00025,0.6311886310577393,0.0653687,-0.06065593001991374,0.0008047092065680772,-0.09919407963752747,2960.0,0.797859
,165,30,274,8250,-42.540944290161136,1640,0.9995867609977722,0.2099999986588955,0.2,0.00025,0.5821116268634796,0.042721182,-0.03909192456584378,0.00025297770043835043,-0.07620857656002045,2960.0,0.797859
,166,30,276,8300,-42.54017372131348,1650,0.999487578868866,0.29400000125169756,0.2,0.00025,-0.38851284980773926,0.07000785,-0.05216367037221801,0.0005582809433690272,-0.08810102939605713,2960.0,0.797859
,167,30,277,8350,-42.53618278503418,1660,0.9993329644203186,0.31599999628961084,0.2,0.00025,0.21386218070983887,0.06297523,-0.06528017015755268,0.0008403895772062242,-0.098577581346035,2960.0,0.797859
,168,30,279,8400,-42.53414459228516,1670,0.9994021058082581,0.22599999867379666,0.2,0.00025,0.5862753689289093,0.04945958,-0.055943869570269554,0.0006212770182173699,-0.10468789935112,2960.0,0.797859
,169,30,280,8450,-42.53570747375488,1680,0.9993042349815369,0.25399999767541886,0.2,0.00025,0.7373729050159454,0.058476686,-0.04278481318987844,0.00043843165185535326,-0.07727255672216415,2960.0,0.797859
,170,30,282,8500,-42.52945899963379,1690,0.9990648627281189,0.19199999794363976,0.2,0.00025,0.47318553924560547,0.04852826,-0.03712695367354897,0.0002841940615326166,-0.07625383138656616,2960.0,0.797859
,171,30,283,8550,-42.52337760925293,1700,0.9988738298416138,0.2179999988526106,0.2,0.00025,0.6016508936882019,0.05059854,-0.055398193210363364,0.0003617640948505141,-0.09652697294950485,2960.0,0.797859
,172,30,285,8600,-42.51897964477539,1710,0.9989244341850281,0.31800000220537183,0.2,0.00025,0.7545218616724014,0.06497247,-0.049963293652981376,0.00010008486206061206,-0.0900200828909874,2960.0,0.797859
,173,30,287,8650,-42.524770736694336,1720,0.9991253018379211,0.2600000012665987,0.2,0.00025,0.7481775283813477,0.044185583,-0.039022474449129166,9.018974960781634e-05,-0.07041550427675247,2960.0,0.797859
,174,30,288,8700,-42.52773857116699,1730,0.9991384744644165,0.211999998614192,0.2,0.00025,0.21147626638412476,0.04358472,-0.04343367646262024,0.00014018566653248855,-0.07981712371110916,2960.0,0.797859
,175,30,290,8750,-42.527943801879886,1740,0.9991248250007629,0.20399999991059303,0.2,0.00025,0.8367147892713547,0.03651687,-0.03595181288383884,0.0019688896369189023,-0.0750633031129837,2960.0,0.797859
,176,30,292,8800,-42.527395248413086,1750,0.9990814328193665,0.3420000016689301,0.2,0.00025,0.8561484217643738,0.081938095,-0.05897586581111227,0.00025604204420233146,-0.09363236278295517,2960.0,0.797859
,177,30,293,8850,-42.52708625793457,1760,0.9991589188575745,0.2439999971538782,0.2,0.00025,0.24698090553283691,0.049076196,-0.047957931238693165,0.00032882821833482014,-0.09914687275886536,2960.0,0.797859
,178,29,298,8900,-42.52971496582031,1770,0.9991706013679504,0.22399999871850013,0.2,0.00025,0.780759260058403,0.042271633,-0.047021773424015124,0.0002809715995681472,-0.10443749278783798,2960.0,0.8406456666666666
,179,29,301,8950,-42.529493713378905,1780,0.9992061853408813,0.20600000247359276,0.2,0.00025,0.9734801929444075,0.049196005,-0.05298770311847321,0.0005512149684363977,-0.10812214016914368,2960.0,0.8406456666666666
,180,29,302,9000,-42.53183097839356,1790,0.9993281960487366,0.16999999806284904,0.2,0.00025,0.31638532876968384,0.031080598,-0.04804487616382573,0.0007775953912641853,-0.08959917724132538,2960.0,0.8406456666666666
,181,29,304,9050,-42.53856430053711,1800,0.9996764063835144,0.17399999983608722,0.2,0.00025,0.26794296503067017,0.036765777,-0.04426320979744247,0.0002712135799811222,-0.08517594635486603,2960.0,0.8406456666666666
,182,29,306,9100,-42.54784088134765,1810,0.9999864101409912,0.23799999728798865,0.2,0.00025,0.6405674517154694,0.03083321,-0.04170356726273923,0.0002016227212152444,-0.07350386679172516,2960.0,0.8406456666666666
,183,29,307,9150,-42.55978279113769,1820,1.0004428625106812,0.1839999992400408,0.2,0.00025,0.3916199207305908,0.038916558,-0.048118333619086684,0.0007527832727646455,-0.0943387821316719,2960.0,0.8406456666666666
,184,29,309,9200,-42.57151832580566,1830,1.0006884336471558,0.16799999885261058,0.2,0.00025,0.40825986862182617,0.027451474,-0.030276647621300157,0.0001923118412378244,-0.06275518983602524,2960.0,0.8406456666666666
,185,29,310,9250,-42.573395538330075,1840,1.000532627105713,0.11999999806284904,0.2,0.00025,0.6170427799224854,0.031375695,-0.034139850086066306,0.0010730032110586763,-0.08105498552322388,2960.0,0.8406456666666666
,186,29,312,9300,-42.565246963500975,1850,1.0002192258834839,0.20999999903142452,0.2,0.00025,0.6872565746307373,0.05390498,-0.0631134431511164,0.0005239157384494319,-0.10542578250169754,2960.0,0.8406456666666666
,187,29,314,9350,-42.55408782958985,1860,0.9997568726539612,0.12199999913573265,0.2,0.00025,0.501932680606842,0.021291977,-0.03108371015125897,0.00021341914325603283,-0.07263858616352081,2960.0,0.8406456666666666
,188,29,315,9400,-42.54081382751465,1870,0.9994480013847351,0.21599999740719794,0.2,0.00025,-1.643481731414795,0.04331173,-0.047261259004473644,0.0004233624058542773,-0.08905237913131714,2960.0,0.8406456666666666
,189,29,317,9450,-42.53531265258789,1880,0.9993603825569153,0.25599999688565733,0.2,0.00025,0.29104870557785034,0.056895304,-0.06271523581445138,0.0005705803021555766,-0.10973268747329712,2960.0,0.8406456666666666
,190,29,318,9500,-42.534148406982425,1890,0.9993220567703247,0.1439999993890524,0.2,0.00025,0.32279330492019653,0.034937438,-0.027429717740160696,0.0008235012646764517,-0.061588119715452194,2960.0,0.8406456666666666
,191,29,320,9550,-42.534811401367186,1900,0.999502956867218,0.1919999998062849,0.2,0.00025,0.26647764444351196,0.032371704,-0.0471244031600655,0.002218174026347697,-0.09018571674823761,2960.0,0.8406456666666666
,192,29,321,9600,-42.537624740600585,1910,0.9993622899055481,0.23600000366568566,0.2,0.00025,0.30805009603500366,0.041706644,-0.05236324125155818,0.0008105535642243921,-0.08553489297628403,2960.0,0.8406456666666666
,193,29,323,9650,-42.52927169799805,1920,0.9990360140800476,0.23599999956786633,0.2,0.00025,0.6438168585300446,0.057784483,-0.046513418039307905,0.0001463446067646146,-0.08562098443508148,2960.0,0.8406456666666666
,194,29,324,9700,-42.52137794494629,1930,0.9988579154014587,0.1619999971240759,0.2,0.00025,0.46659964323043823,0.03745966,-0.04370360243646445,0.0001265511840756517,-0.08847885578870773,2960.0,0.8406456666666666
,195,29,326,9750,-42.515900421142575,1940,0.9986915588378906,0.17199999764561652,0.2,0.00025,0.839645117521286,0.026549954,-0.028921202713158324,0.00037492584669962525,-0.06560833007097244,2960.0,0.8406456666666666
,196,29,328,9800,-42.510904693603514,1950,0.9984663724899292,0.22800000123679637,0.2,0.00025,-0.36352694034576416,0.042158045,-0.03945480008982116,0.0003281734636402689,-0.07757257670164108,2960.0,0.8406456666666666
,197,29,329,9850,-42.50237274169922,1960,0.998149037361145,0.11600000075995923,0.2,0.00025,0.4989795684814453,0.02192549,-0.02398668228252774,0.0005839698045747354,-0.06510397791862488,2960.0,0.8406456666666666
,198,29,331,9900,-42.49310188293457,1970,0.9978427290916443,0.21600000150501728,0.2,0.00025,-2.195269823074341,0.042961508,-0.05076299713924541,0.00031690858595538883,-0.10567415505647659,2960.0,0.8406456666666666
,199,29,332,9950,-42.48038444519043,1980,0.9972372055053711,0.23000000044703484,0.2,0.00025,0.5302780568599701,0.032440357,-0.0336008093783164,6.120918114902452e-05,-0.0781911313533783,2960.0,0.8406456666666666
,200,29,335,10000,-42.45995445251465,1990,0.9965543150901794,0.18600000105798245,0.2,0.00025,0.21530121564865112,0.03446657,-0.04451190483523533,0.0007040276774205268,-0.09472700953483582,2960.0,0.8406456666666666
,201,29,336,10050,-42.441138076782224,2000,0.9960072636604309,0.27799999341368675,0.2,0.00025,0.32266098260879517,0.04669895,-0.05878018931299493,0.0001781267885235138,-0.11089663952589035,2960.0,0.8406456666666666
,202,29,338,10100,-42.42681884765625,2010,0.9956409931182861,0.22599999494850637,0.2,0.00025,0.5913695693016052,0.040442552,-0.024746705291792636,7.704917443334125e-05,-0.05230467766523361,2960.0,0.8406456666666666
,203,29,339,10150,-42.4183292388916,2020,0.9954398274421692,0.16399999856948852,0.2,0.00025,0.6578716039657593,0.037981223,-0.039895551001652055,0.0001401823064952623,-0.07910315692424774,2960.0,0.8406456666666666
,204,29,341,10200,-42.41249084472656,2030,0.9952305555343628,0.25600000098347664,0.2,0.00025,0.6233906745910645,0.051381174,-0.04563641063310229,6.237002526177093e-05,-0.08074162155389786,2960.0,0.8406456666666666
,205,29,342,10250,-42.40825576782227,2040,0.9952887296676636,0.16200000196695327,0.2,0.00025,0.8977983593940735,0.031387605,-0.033900343967602,2.05701664526714e-05,-0.071834996342659,2960.0,0.8406456666666666
,206,29,344,10300,-42.41265640258789,2050,0.9955351948738098,0.3119999963790178,0.2,0.00025,0.12254983186721802,0.090802945,-0.05302254720777455,0.00019038855098187923,-0.08976925909519196,2960.0,0.8406456666666666
,207,29,345,10350,-42.42086601257324,2060,0.9958061575889587,0.29999999329447746,0.2,0.00025,0.7236053645610809,0.05869838,-0.055131433829665163,0.00018065335170831532,-0.0842454805970192,2960.0,0.8406456666666666
,208,29,347,10400,-42.42663154602051,2070,0.9959156513214111,0.20800000056624413,0.2,0.00025,0.706810861825943,0.04253178,-0.04769495837390423,8.345002934220246e-05,-0.09030413627624512,2960.0,0.8406456666666666
,209,29,348,10450,-42.4280330657959,2080,0.9958961606025696,0.30600000396370886,0.2,0.00025,0.23401683568954468,0.066664085,-0.06965829515457145,8.150078283506446e-05,-0.11204607784748077,2960.0,0.8406456666666666
,210,29,350,10500,-42.427146911621094,2090,0.9958412647247314,0.23200000189244746,0.2,0.00025,0.30997180938720703,0.044304598,-0.055264800142496996,4.846360570809338e-05,-0.09798351675271988,2960.0,0.8406456666666666
,211,30,351,10550,-42.428008270263675,2100,0.9960336685180664,0.23599999956786633,0.2,0.00025,0.33447933197021484,0.050619125,-0.055513554571197686,0.00047822782944422214,-0.10130905359983444,2960.0,0.8406456666666666
,212,30,353,10600,-42.4326416015625,2110,0.9960631132125854,0.24599999897181987,0.2,0.00025,0.6593587398529053,0.04528078,-0.04265901621431105,0.00015155218134168535,-0.07682354003190994,2960.0,0.8406456666666666
,213,30,354,10650,-42.43092994689941,2120,0.9959286451339722,0.2519999943673611,0.2,0.00025,0.8475555330514908,0.048490535,-0.05809325967356642,0.00024197261373046786,-0.1026400551199913,2960.0,0.8406456666666666
,214,30,356,10700,-42.42579803466797,2130,0.9957836866378784,0.26400000639259813,0.2,0.00025,0.7429982721805573,0.05517767,-0.05039503271132695,9.559912941767835e-05,-0.09057173132896423,2960.0,0.8406456666666666
,215,30,357,10750,-42.424923706054685,2140,0.9958962798118591,0.20000000074505805,0.2,0.00025,0.4660516381263733,0.04200036,-0.029822882986627518,8.193813264369964e-05,-0.05444789677858353,2960.0,0.8406456666666666
,216,30,359,10800,-42.42903709411621,2150,0.9960039258003235,0.22200000025331973,0.2,0.00025,0.8346108198165894,0.037571535,-0.039090140499174454,0.00012770867615472526,-0.06804358959197998,2960.0,0.8406456666666666
,217,30,360,10850,-42.43073654174805,2160,0.9959516525268555,0.16999999731779097,0.2,0.00025,0.1958770751953125,0.028848892,-0.04503928161785069,0.00018080684458254836,-0.09640618413686752,2960.0,0.8406456666666666
,218,30,362,10900,-42.42578048706055,2170,0.9956352114677429,0.2559999980032444,0.2,0.00025,0.8053300380706787,0.05518572,-0.042838045455515325,0.00014376859107869677,-0.08306598663330078,2960.0,0.8406456666666666
,219,30,364,10950,-42.41708259582519,2180,0.9954785704612732,0.23599999584257603,0.2,0.00025,0.5051867961883545,0.04209857,-0.04428171360399347,0.0002519679634133354,-0.0928797796368599,2960.0,0.8406456666666666
,220,30,365,11000,-42.41779556274414,2190,0.9956980347633362,0.23599999845027925,0.2,0.00025,-0.1946704387664795,0.044511423,-0.046728155188264967,0.0002905887209635694,-0.09302817285060883,2960.0,0.8406456666666666
,221,30,367,11050,-42.42226715087891,2200,0.9956385493278503,0.25800000242888926,0.2,0.00025,0.8574305474758148,0.060402174,-0.04736328097060323,0.00016535504400962963,-0.0861673429608345,2960.0,0.8406456666666666
,222,30,368,11100,-42.4210262298584,2210,0.9958522319793701,0.2280000001192093,0.2,0.00025,0.43998926877975464,0.04022356,-0.046377850916236696,0.00044406596716726197,-0.09078610688447952,2960.0,0.8406456666666666
,223,30,370,11150,-42.431016540527345,2220,0.9960927367210388,0.24199999868869781,0.2,0.00025,0.9218857958912849,0.04779994,-0.05075506852194707,0.0005010251450585201,-0.0846220999956131,2960.0,0.8406456666666666
,224,30,371,11200,-42.4323314666748,2230,0.9959756135940552,0.22199999615550042,0.2,0.00025,0.08956140279769897,0.034257483,-0.030418492995670475,0.00041109533340204506,-0.0630313977599144,2960.0,0.8406456666666666
,225,30,373,11250,-42.43095703125,2240,0.9961111545562744,0.25800000354647634,0.2,0.00025,0.3822516202926636,0.059767608,-0.0545126026384537,0.0004163776757195592,-0.09277631342411041,2960.0,0.8406456666666666
,226,30,374,11300,-42.43825416564941,2250,0.9964601397514343,0.20599999874830247,0.2,0.00025,0.3728846311569214,0.04273221,-0.03524441188015004,0.000670530080969911,-0.06565780937671661,2960.0,0.8406456666666666
,227,30,376,11350,-42.44670791625977,2260,0.9965280890464783,0.17999999821186066,0.2,0.00025,0.7624050974845886,0.042512268,-0.05176864006370323,0.00037013660912634807,-0.09993188828229904,2960.0,0.8406456666666666
,228,30,378,11400,-42.446173095703124,2270,0.9965401291847229,0.25800000317394733,0.2,0.00025,0.749963253736496,0.04588665,-0.04351831269543567,0.0003013684137840755,-0.08591540902853012,2960.0,0.8406456666666666
,229,30,379,11450,-42.445368957519534,2280,0.9964000582695007,0.2459999956190586,0.2,0.00025,0.6990268230438232,0.05358858,-0.05260717426240404,0.00018231225549243392,-0.10073747485876083,2960.0,0.8406456666666666
,230,30,381,11500,-42.44006080627442,2290,0.9963086247444153,0.24400000125169755,0.2,0.00025,0.6120836436748505,0.040007323,-0.05460520667955251,0.0003492163261398673,-0.10075806081295013,2960.0,0.8406456666666666
,231,30,383,11550,-42.43952980041504,2300,0.9962851405143738,0.20400000177323818,0.2,0.00025,0.8124355524778366,0.04929909,-0.04796030725911464,0.00017057210789062083,-0.10113037377595901,2960.0,0.8406456666666666
,232,30,384,11600,-42.44124984741211,2310,0.9965919852256775,0.22200000137090684,0.2,0.00025,0.8247799873352051,0.048893303,-0.043028225019574505,7.923414850665722e-05,-0.08349636197090149,2960.0,0.8406456666666666
,233,30,386,11650,-42.453285217285156,2320,0.9968982934951782,0.3339999981224537,0.2,0.00025,-0.2972301244735718,0.07459141,-0.052375949084758136,0.00023609746640431694,-0.07641689479351044,2960.0,0.8406456666666666
,234,30,388,11700,-42.45606384277344,2330,0.996710479259491,0.24200000055134296,0.2,0.00025,0.9473433196544647,0.05105109,-0.04406729481928053,0.0007974435982760042,-0.07983096688985825,2960.0,0.8406456666666666
,235,30,389,11750,-42.449954223632815,2340,0.9966703653335571,0.23400000035762786,0.2,0.00025,0.8892502635717392,0.045617513,-0.052398948045447466,0.00040341673739021646,-0.09326133877038956,2960.0,0.8406456666666666
,236,30,391,11800,-42.449792098999026,2350,0.9965828061103821,0.2979999974370003,0.2,0.00025,0.6284808814525604,0.06545837,-0.048102402120829876,8.603582609794103e-05,-0.08655031770467758,2960.0,0.8406456666666666
,237,30,394,11850,-42.44442481994629,2360,0.9962823390960693,0.24400000050663948,0.2,0.00025,0.9199985191226006,0.052988254,-0.04962771539762656,0.00011051323381252586,-0.0969938263297081,2960.0,0.88409475
,238,29,396,11900,-42.436005401611325,2370,0.9961234331130981,0.2159999992698431,0.2,0.00025,0.9701308254152536,0.048894048,-0.04056571669597133,0.00042981680016964676,-0.08120586723089218,2960.0,0.88409475
,239,29,398,11950,-42.43297843933105,2380,0.9959994554519653,0.24400000534951688,0.2,0.00025,0.44327443838119507,0.041213226,-0.04750740410387522,0.0005851705238455907,-0.08891823142766953,2960.0,0.88409475
,240,30,399,12000,-42.430782318115234,2390,0.9961019158363342,0.3600000061094761,0.2,0.00025,0.3463267683982849,0.047751397,-0.05402520782500488,0.00039411986945196985,-0.09000936895608902,2960.0,0.88409475
,241,30,401,12050,-42.437517166137695,2400,0.996303141117096,0.1460000015795231,0.2,0.00025,0.28713470697402954,0.02212015,-0.02771610496716903,0.0004582887835567817,-0.0655837431550026,2960.0,0.88409475
,242,30,403,12100,-42.44182205200195,2410,0.9964926242828369,0.3280000023543835,0.2,0.00025,0.4121295213699341,0.071269356,-0.042440382935106415,0.0005430740289739333,-0.06867648661136627,2960.0,0.88409475
,243,30,404,12150,-42.44934425354004,2420,0.9966652393341064,0.25600000061094763,0.2,0.00025,0.681439220905304,0.060568314,-0.05415474430844256,0.0001906471290567424,-0.09402821213006973,2960.0,0.88409475
,244,30,406,12200,-42.4521297454834,2430,0.9966267943382263,0.21799999624490737,0.2,0.00025,0.6899885833263397,0.040416814,-0.044937974380329315,0.0010102410335093737,-0.0820094421505928,2960.0,0.88409475
,245,30,407,12250,-42.44672050476074,2440,0.9962489008903503,0.19400000274181367,0.2,0.00025,0.6685704588890076,0.034385063,-0.02903815741976743,0.00046652866003569213,-0.062234003096818924,2960.0,0.88409475
,246,30,409,12300,-42.434821701049806,2450,0.9960151314735413,0.14399999976158143,0.2,0.00025,0.08216160535812378,0.030336857,-0.036175111896358206,0.00021068189234938473,-0.09060078114271164,2960.0,0.88409475
,247,30,410,12350,-42.430380249023436,2460,0.9959076046943665,0.24800000637769698,0.2,0.00025,-0.914075493812561,0.034713026,-0.04654966447874927,0.0002817250802763738,-0.08675676584243774,2960.0,0.88409475
,248,30,412,12400,-42.426387023925784,2470,0.9957456588745117,0.21399999968707561,0.2,0.00025,0.26396673917770386,0.029445775,-0.04162557538412557,0.00042475653754081577,-0.08545341342687607,2960.0,0.88409475
,249,30,413,12450,-42.42334175109863,2480,0.9957684874534607,0.3539999946951866,0.2,0.00025,0.2119821310043335,0.054746155,-0.05548513909429324,0.0005681578535586595,-0.09478902816772461,2960.0,0.88409475
,250,30,415,12500,-42.423079299926755,2490,0.9956363439559937,0.24599999897181987,0.2,0.00025,0.347370445728302,0.041160118,-0.042013922507874654,0.0019686884828843177,-0.08924950659275055,2960.0,0.88409475
,251,30,417,12550,-42.41840171813965,2500,0.9955692887306213,0.30200000330805776,0.2,0.00025,0.48294973373413086,0.050006162,-0.05224802192300615,0.00038573869096580893,-0.09964367002248764,2960.0,0.88409475
,252,30,418,12600,-42.41831932067871,2510,0.995634913444519,0.2660000052303076,0.2,0.00025,0.48994261026382446,0.06552523,-0.05334902630746115,0.00023307285591727122,-0.0840877816081047,2960.0,0.88409475
,253,30,420,12650,-42.42352714538574,2520,0.9958717226982117,0.2739999987185001,0.2,0.00025,0.7513422816991806,0.04950929,-0.04702395812794578,7.47156056604581e-05,-0.09018345922231674,2960.0,0.88409475
,254,30,421,12700,-42.429758834838864,2530,0.9960672855377197,0.23600000254809855,0.2,0.00025,0.8885976746678352,0.046711985,-0.05378186506032989,0.00021802057890454307,-0.09202822297811508,2960.0,0.88409475
,255,30,423,12750,-42.43635520935059,2540,0.9963971376419067,0.22599999830126763,0.2,0.00025,0.5207931697368622,0.041074798,-0.03814095601998133,0.00022989867356955075,-0.07143447548151016,2960.0,0.88409475
,256,30,425,12800,-42.447716903686526,2550,0.9967557787895203,0.23199999704957008,0.2,0.00025,0.1685866117477417,0.0377294,-0.053688463190570704,0.0003976568928919733,-0.1048346757888794,2960.0,0.88409475
,257,30,426,12850,-42.455918884277345,2560,0.9968807101249695,0.3380000047385693,0.2,0.00025,0.23530083894729614,0.061771985,-0.050976785145701344,0.00033364152041031047,-0.08261837810277939,2960.0,0.88409475
,258,30,428,12900,-42.4557559967041,2570,0.9968156218528748,0.24200000166893004,0.2,0.00025,0.04448455572128296,0.043066077,-0.042619154792279804,0.0001291799584578257,-0.08115234225988388,2960.0,0.88409475
,259,30,429,12950,-42.453556060791016,2580,0.9967100620269775,0.25200000368058684,0.2,0.00025,0.6974878907203674,0.049064156,-0.03571873590815784,0.0004204223165288568,-0.0747029036283493,2960.0,0.88409475
,260,30,431,13000,-42.446881484985354,2590,0.9963861107826233,0.22399999909102916,0.2,0.00025,0.3977395296096802,0.048745938,-0.045139707501977,0.00025850358651950954,-0.08242358267307281,2960.0,0.88409475
,261,30,433,13050,-42.4369197845459,2600,0.9960874915122986,0.2859999991953373,0.2,0.00025,0.6818839013576508,0.05704076,-0.042000132992865244,0.00014620074944105,-0.0773695856332779,2960.0,0.88409475
,262,30,434,13100,-42.42892723083496,2610,0.9957947134971619,0.18399999737739564,0.2,0.00025,0.8240358829498291,0.030432848,-0.023368066814725807,6.298394000623376e-05,-0.046664875000715256,2960.0,0.88409475
,263,30,436,13150,-42.4207218170166,2620,0.9956443905830383,0.15599999949336052,0.2,0.00025,0.5509790480136871,0.030866588,-0.03732605645759009,0.00012855884488089943,-0.08085747063159943,2960.0,0.88409475
,264,30,438,13200,-42.418504333496095,2630,0.9956061244010925,0.3020000088959932,0.2,0.00025,0.7881587594747543,0.08236619,-0.057981772914529016,5.586634179053362e-05,-0.09683425724506378,2960.0,0.88409475
,265,30,439,13250,-42.417547607421874,2640,0.9955713152885437,0.2420000035315752,0.2,0.00025,0.44362837076187134,0.051389273,-0.07320526422560221,0.00015250651485985146,-0.13199269771575928,2960.0,0.88409475
,266,30,441,13300,-42.415160751342775,2650,0.9954344034194946,0.22399999871850013,0.2,0.00025,0.7931674718856812,0.033799086,-0.030109053995460044,0.000258230822510086,-0.05719618871808052,2960.0,0.88409475
,267,30,443,13350,-42.41398658752441,2660,0.9956721663475037,0.2340000059455633,0.2,0.00025,0.7667685747146606,0.041643858,-0.05647703525237944,0.00012849537197325844,-0.1086697056889534,2960.0,0.88409475
,268,30,444,13400,-42.42608528137207,2670,0.996088981628418,0.18600000105798245,0.2,0.00025,0.3060900568962097,0.035613973,-0.045300909785089515,0.00016191679751500487,-0.09871090948581696,2960.0,0.88409475
,269,30,446,13450,-42.43591423034668,2680,0.9963424205780029,0.24400000050663948,0.2,0.00025,0.7026025652885437,0.05709779,-0.05443437440134602,7.996186868695077e-05,-0.09558633714914322,2960.0,0.88409475
,270,30,447,13500,-42.44407272338867,2690,0.9967082738876343,0.26600000113248823,0.2,0.00025,-1.1721014976501465,0.049614977,-0.060266802303493704,0.00045599620207212863,-0.09787188470363617,2960.0,0.88409475
,271,30,449,13550,-42.45759658813476,2700,0.9972275495529175,0.33399999924004076,0.2,0.00025,0.6463708281517029,0.05314815,-0.05676164820790319,0.00018928720164694822,-0.09941241145133972,2960.0,0.88409475
,272,30,451,13600,-42.46904335021973,2710,0.9972832798957825,0.24999999962747096,0.2,0.00025,0.6469358205795288,0.044453535,-0.04218582403101152,0.0002138861789717339,-0.08648981153964996,2960.0,0.88409475
,273,30,453,13650,-42.467444610595706,2720,0.997294008731842,0.30199999660253524,0.2,0.00025,0.7083890736103058,0.0685808,-0.05621227381750913,0.0001172295080323238,-0.08686664700508118,2960.0,0.88409475
,274,30,454,13700,-42.468447875976565,2730,0.9972559213638306,0.26200000159442427,0.2,0.00025,-0.19201695919036865,0.04414412,-0.052713790513575276,0.00022706818272126837,-0.09112075716257095,2960.0,0.88409475
,275,30,456,13750,-42.46487541198731,2740,0.9970778226852417,0.18600000254809856,0.2,0.00025,0.8404135555028915,0.053334877,-0.04087714362330672,9.29294888919685e-05,-0.09044498950242996,2960.0,0.88409475
,276,30,458,13800,-42.45874214172363,2750,0.9968138337135315,0.29000000320374963,0.2,0.00025,0.40189701318740845,0.058999304,-0.03799880483373954,0.00013167368560971227,-0.06763175129890442,2960.0,0.88409475
,277,30,460,13850,-42.452296829223634,2760,0.9966844916343689,0.23199999779462815,0.2,0.00025,0.8762862607836723,0.04848758,-0.041419745605439574,0.0001523963481304236,-0.07509537041187286,2960.0,0.88409475
,278,30,462,13900,-42.448346328735354,2770,0.9965460896492004,0.29599999636411667,0.2,0.00025,0.7198064923286438,0.05497468,-0.05700153268501253,0.0002524029434425756,-0.10019543021917343,2960.0,0.88409475
,279,30,463,13950,-42.44550743103027,2780,0.9965233206748962,0.27600000575184824,0.2,0.00025,0.04506123065948486,0.041181866,-0.050630795275793616,0.0002738063911237987,-0.09509479999542236,2960.0,0.88409475
,280,30,465,14000,-42.440792846679685,2790,0.9961674809455872,0.27000000067055224,0.2,0.00025,0.8727008253335953,0.045603395,-0.05206680165231177,0.00019996356350020504,-0.09820567816495895,2960.0,0.88409475
,281,30,467,14050,-42.429266357421874,2800,0.9958048462867737,0.21999999918043614,0.2,0.00025,0.5085582435131073,0.04148305,-0.034552700334228345,0.0003197445155819878,-0.07013017684221268,2960.0,0.88409475
,282,29,470,14100,-42.419547653198244,2810,0.9955378174781799,0.26799999810755254,0.2,0.00025,0.8985243067145348,0.053242084,-0.037788557781371426,0.00026156361709581686,-0.08084877580404282,2960.0,0.88409475
,283,29,472,14150,-42.41249656677246,2820,0.9953562617301941,0.26999999992549417,0.2,0.00025,0.4140228033065796,0.045083374,-0.04266231331974239,0.0003934894339181483,-0.08413581550121307,2960.0,0.88409475
,284,29,474,14200,-42.410155868530275,2830,0.9954047799110413,0.22999999895691872,0.2,0.00025,0.8420910090208054,0.051001806,-0.05291126940958293,0.00018489040376152844,-0.10011520981788635,2960.0,0.88409475
,285,29,476,14250,-42.4110221862793,2840,0.9953226447105408,0.26999999657273294,0.2,0.00025,0.5386718213558197,0.06303859,-0.05200471074506652,0.0005180522261071019,-0.09456624835729599,2960.0,0.88409475
,286,29,478,14300,-42.40951232910156,2850,0.9954507350921631,0.28999999947845934,0.2,0.00025,0.7195304334163666,0.05660592,-0.0507312901094565,0.0002681777506950311,-0.09476970881223679,2960.0,0.88409475
,287,29,480,14350,-42.415718460083006,2860,0.995599627494812,0.24600000455975532,0.2,0.00025,0.6957347095012665,0.05230837,-0.04839648694731409,0.0003228481640690006,-0.08704923838376999,2960.0,0.88409475
,288,29,482,14400,-42.41988868713379,2870,0.9957678318023682,0.24999999664723874,0.2,0.00025,0.8504978120326996,0.05503188,-0.04231651471182687,0.00018435022866469808,-0.07420417666435242,2960.0,0.88409475
,289,29,485,14450,-42.427406311035156,2880,0.9960890412330627,0.29000000059604647,0.2,0.00025,0.5513200759887695,0.052392147,-0.05144310444220821,0.00027876907988684253,-0.0913381353020668,2960.0,0.88409475
,290,29,487,14500,-42.4370532989502,2890,0.9963933825492859,0.34600000008940696,0.2,0.00025,0.8133857548236847,0.0862456,-0.05798338456079364,0.00010381232568761334,-0.09152665734291077,2960.0,0.88409475
,291,29,488,14550,-42.4452522277832,2900,0.9966202974319458,0.2600000001490116,0.2,0.00025,0.8863118290901184,0.049168266,-0.04185607134550935,4.462452743609901e-05,-0.07497750967741013,2960.0,0.88409475
,292,29,490,14600,-42.44804649353027,2910,0.9965620636940002,0.24400000274181366,0.2,0.00025,0.04900336265563965,0.033734795,-0.03577733188774346,0.0002739024246693589,-0.08124656230211258,2960.0,0.88409475
,293,29,492,14650,-42.444548797607425,2920,0.9964402318000793,0.21600000150501728,0.2,0.00025,0.9323916584253311,0.041942846,-0.0389469337584444,0.0004989591980120167,-0.07992584258317947,2960.0,0.88409475
,294,29,493,14700,-42.43962211608887,2930,0.9961053729057312,0.23400000296533108,0.2,0.00025,0.8276755958795547,0.046754695,-0.04899527799338159,0.0004326335183577612,-0.09503893554210663,2960.0,0.88409475
,295,29,495,14750,-42.42721099853516,2940,0.9957529902458191,0.28000000342726705,0.2,0.00025,0.7960267961025238,0.044268273,-0.05303232195600884,0.00011756386811612174,-0.09556414186954498,2960.0,0.88409475
,296,29,499,14800,-42.42084159851074,2950,0.9957242608070374,0.2239999994635582,0.2,0.00025,0.6914615333080292,0.042528473,-0.03912158802523891,0.00021559559972956778,-0.0810471698641777,2960.0,0.9569372000000002
