Wall time,Step,Value
1731370998.925911,3500,6.299999949987978e-05
1731371034.1153698,4150,6.299999949987978e-05
1731371050.6214974,4450,6.299999949987978e-05
1731371094.105082,5250,6.299999949987978e-05
1731371098.9663074,5350,6.299999949987978e-05
1731371107.544888,5500,6.299999949987978e-05
1731371112.4779627,5600,6.299999949987978e-05
1731371128.564426,5900,6.299999949987978e-05
1731371137.1663244,6050,6.299999949987978e-05
1731371181.3678908,6800,6.849999772384763e-05
1731371188.8369477,6950,6.849999772384763e-05
1731371202.2003043,7200,6.849999772384763e-05
1731371224.2420802,7600,6.849999772384763e-05
1731371242.988996,7950,6.849999772384763e-05
1731371269.508371,8350,6.849999772384763e-05
1731371276.815303,8500,6.849999772384763e-05
1731371280.361459,8550,6.849999772384763e-05
1731371302.252777,8900,6.849999772384763e-05
1731371337.2767107,9550,6.849999772384763e-05
1731371376.7081006,10200,7.333333633141592e-05
1731371408.261358,10750,7.333333633141592e-05
1731371422.5489483,11000,7.333333633141592e-05
1731371431.6102154,11150,7.333333633141592e-05
1731371456.662432,11600,7.333333633141592e-05
1731371459.2197564,11650,7.333333633141592e-05
1731371486.4932885,12150,7.333333633141592e-05
1731371500.0961976,12400,7.333333633141592e-05
1731371505.0641067,12500,7.333333633141592e-05
1731371507.4876661,12550,7.333333633141592e-05
1731371518.8721633,12750,7.333333633141592e-05
1731371545.4203186,13150,7.750000077066943e-05
1731371566.6276386,13550,7.750000077066943e-05
1731371570.1155124,13600,7.750000077066943e-05
1731371583.198743,13850,7.750000077066943e-05
1731371613.4556446,14400,7.750000077066943e-05
1731371629.4705384,14700,7.750000077066943e-05
1731371643.1261923,14950,7.750000077066943e-05
1731371650.5553288,15100,7.750000077066943e-05
1731371683.6559553,15700,7.750000077066943e-05
1731371700.9562385,16000,7.750000077066943e-05
1731371717.4672122,16250,8.179999713320285e-05
1731371735.8697083,16600,8.179999713320285e-05
1731371746.8469064,16800,8.179999713320285e-05
1731371751.6383667,16900,8.179999713320285e-05
1731371805.1405566,17850,8.179999713320285e-05
1731371818.972038,18100,8.179999713320285e-05
1731371821.9840207,18150,8.179999713320285e-05
1731371836.144672,18400,8.179999713320285e-05
1731371850.2048757,18650,8.179999713320285e-05
1731371856.4542491,18750,8.179999713320285e-05
1731371878.376181,19150,8.179999713320285e-05
1731371880.8682961,19200,8.179999713320285e-05
1731371904.4151096,19550,8.233333210228011e-05
1731371918.51665,19750,8.233333210228011e-05
1731371942.36208,20200,8.233333210228011e-05
1731371964.2482207,20600,8.233333210228011e-05
1731372009.2601562,21400,8.233333210228011e-05
1731372020.6300254,21600,8.233333210228011e-05
1731372047.9981127,22100,8.233333210228011e-05
1731372052.8311186,22200,8.233333210228011e-05
1731372172.233323,24300,8.085714216576889e-05
1731372175.6148665,24350,8.085714216576889e-05
1731372180.5029864,24450,8.085714216576889e-05
1731372196.38485,24750,8.085714216576889e-05
1731372220.9629083,25200,8.085714216576889e-05
1731372225.8204734,25300,8.085714216576889e-05
1731372228.575604,25350,8.085714216576889e-05
1731372237.1400363,25500,8.085714216576889e-05
1731372256.5991528,25800,8.162500307662413e-05
1731372281.6166346,26250,8.162500307662413e-05
1731372290.129515,26400,8.162500307662413e-05
1731372292.5344748,26450,8.162500307662413e-05
1731372319.6094296,26950,8.162500307662413e-05
1731372365.294379,27800,8.162500307662413e-05
1731372370.33975,27900,8.162500307662413e-05
1731372408.334159,28600,8.162500307662413e-05
1731372422.1189673,28850,8.162500307662413e-05
1731372431.734799,28950,8.411111048189923e-05
1731372439.0312335,29100,8.411111048189923e-05
1731372461.794717,29500,8.411111048189923e-05
1731372478.1013942,29800,8.411111048189923e-05
1731372483.1510077,29900,8.411111048189923e-05
1731372491.9769557,30050,8.411111048189923e-05
1731372508.4521132,30350,8.411111048189923e-05
1731372528.363917,30600,8.411111048189923e-05
1731372556.3607028,31100,8.411111048189923e-05
1731372572.7867956,31400,8.411111048189923e-05
1731372590.1321988,31700,8.411111048189923e-05
1731372601.500419,31900,8.411111048189923e-05
1731372622.5180035,32200,8.64000030560419e-05
1731372627.4232159,32300,8.64000030560419e-05
1731372629.975951,32350,8.64000030560419e-05
1731372636.3901217,32450,8.64000030560419e-05
1731372641.4272633,32550,8.64000030560419e-05
1731372643.958059,32600,8.64000030560419e-05
1731372657.56718,32850,8.64000030560419e-05
1731372660.0824673,32900,8.64000030560419e-05
1731372684.96425,33350,8.64000030560419e-05
1731372701.1794157,33650,8.64000030560419e-05
1731372707.4256446,33750,8.64000030560419e-05
1731372721.5348856,34000,8.64000030560419e-05
1731372735.6443923,34250,8.64000030560419e-05
1731372741.6451252,34350,8.64000030560419e-05
1731372774.0184283,34950,8.64000030560419e-05
1731372793.539597,35300,8.64000030560419e-05
1731372799.3622105,35350,8.863636321621016e-05
1731372805.0483031,35450,8.863636321621016e-05
1731372811.3151724,35550,8.863636321621016e-05
1731372813.8313828,35600,8.863636321621016e-05
1731372818.6878605,35700,8.863636321621016e-05
1731372851.6963153,36300,8.863636321621016e-05
1731372859.2703106,36450,8.863636321621016e-05
1731372870.6922336,36650,8.863636321621016e-05
1731372878.4768994,36800,8.863636321621016e-05
1731372886.7214165,36950,8.863636321621016e-05
1731372897.877588,37150,8.863636321621016e-05
1731372900.517346,37200,8.863636321621016e-05
1731372911.7882094,37400,8.863636321621016e-05
1731372925.9337137,37650,8.863636321621016e-05
1731372955.9193265,38200,8.863636321621016e-05
1731372967.2233615,38400,8.863636321621016e-05
1731372978.755346,38550,9.033333481056616e-05
1731373000.4387255,38950,9.033333481056616e-05
1731373011.6105711,39150,9.033333481056616e-05
1731373019.0276053,39300,9.033333481056616e-05
1731373022.725497,39350,9.033333481056616e-05
1731373025.3025274,39400,9.033333481056616e-05
1731373043.8859046,39750,9.033333481056616e-05
1731373061.2254739,40050,9.033333481056616e-05
1731373067.7419937,40150,9.033333481056616e-05
1731373070.3721728,40200,9.033333481056616e-05
1731373082.038791,40400,9.033333481056616e-05
1731373095.0980794,40600,9.033333481056616e-05
1731373105.6796882,40800,9.033333481056616e-05
1731373109.2904649,40850,9.033333481056616e-05
1731373119.3944588,41050,9.033333481056616e-05
1731373144.204212,41500,9.033333481056616e-05
1731373155.3326254,41700,9.033333481056616e-05
1731373157.8365552,41750,9.033333481056616e-05
1731373164.4226196,41800,9.284615225624293e-05
1731373170.36978,41900,9.284615225624293e-05
1731373172.8506036,41950,9.284615225624293e-05
1731373188.6851976,42250,9.284615225624293e-05
1731373200.023601,42450,9.284615225624293e-05
1731373202.5408509,42500,9.284615225624293e-05
1731373208.4122646,42600,9.284615225624293e-05
1731373213.8697891,42700,9.284615225624293e-05
1731373222.310385,42850,9.284615225624293e-05
1731373225.450013,42900,9.284615225624293e-05
1731373228.036227,42950,9.284615225624293e-05
1731373230.627581,43000,9.284615225624293e-05
1731373239.4817197,43150,9.284615225624293e-05
1731373249.9652805,43350,9.284615225624293e-05
1731373263.5905674,43600,9.284615225624293e-05
1731373267.0540967,43650,9.284615225624293e-05
1731373269.852648,43700,9.284615225624293e-05
1731373285.9884584,44000,9.284615225624293e-05
1731373332.4889195,44850,9.284615225624293e-05
1731373347.149186,45050,9.56428557401523e-05
1731373352.8156037,45150,9.56428557401523e-05
1731373366.3772416,45400,9.56428557401523e-05
1731373431.9590724,46600,9.56428557401523e-05
1731373437.0486495,46700,9.56428557401523e-05
1731373450.905787,46950,9.56428557401523e-05
1731373456.9782472,47050,9.56428557401523e-05
1731373467.6221507,47250,9.56428557401523e-05
1731373473.3400571,47350,9.56428557401523e-05
1731373494.1832378,47750,9.56428557401523e-05
1731373511.1253815,48050,9.56428557401523e-05
1731373526.3337338,48250,9.78666648734361e-05
1731373544.7539861,48600,9.78666648734361e-05
1731373549.73388,48700,9.78666648734361e-05
1731373565.9756165,49000,9.78666648734361e-05
1731373571.9603484,49100,9.78666648734361e-05
1731373579.4620874,49250,9.78666648734361e-05
1731373588.3641622,49400,9.78666648734361e-05
1731373609.5553913,49800,9.78666648734361e-05
1731373612.9385374,49850,9.78666648734361e-05
1731373620.3821943,50000,9.78666648734361e-05
1731373638.8918998,50350,9.78666648734361e-05
1731373646.9692543,50500,9.78666648734361e-05
1731373671.490548,50950,9.78666648734361e-05
1731373681.972784,51150,9.78666648734361e-05
1731373690.2155929,51300,9.78666648734361e-05
1731373693.0606909,51350,9.78666648734361e-05
1731373722.054687,51800,0.00010062500223284587
1731373724.9103127,51850,0.00010062500223284587
1731373735.7383955,52050,0.00010062500223284587
1731373741.590716,52150,0.00010062500223284587
1731373744.2818747,52200,0.00010062500223284587
1731373754.5038185,52400,0.00010062500223284587
1731373757.5207586,52450,0.00010062500223284587
1731373764.9084487,52600,0.00010062500223284587
1731373767.8143992,52650,0.00010062500223284587
1731373789.647026,53050,0.00010062500223284587
1731373801.5098073,53250,0.00010062500223284587
1731373806.511506,53350,0.00010062500223284587
1731373812.3468988,53450,0.00010062500223284587
1731373815.3313565,53500,0.00010062500223284587
1731373839.4231985,53950,0.00010062500223284587
1731373847.6872768,54100,0.00010062500223284587
1731373869.1749196,54500,0.00010062500223284587
1731373874.493981,54600,0.00010062500223284587
1731373891.654331,54850,0.00010299999848939478
1731373905.3308346,55100,0.00010299999848939478
1731373924.7119048,55450,0.00010299999848939478
1731373961.3369884,56100,0.00010299999848939478
1731373977.3903494,56400,0.00010299999848939478
1731373986.0193388,56550,0.00010299999848939478
1731373991.3008015,56650,0.00010299999848939478
1731374002.4907713,56850,0.00010299999848939478
1731374012.8451087,57050,0.00010299999848939478
1731374018.858693,57150,0.00010299999848939478
1731374032.9025524,57400,0.00010299999848939478
1731374035.4152722,57450,0.00010299999848939478
1731374038.3376095,57500,0.00010299999848939478
1731374064.3125634,57900,0.00010533333261264488
1731374080.6351295,58200,0.00010533333261264488
1731374091.795918,58400,0.00010533333261264488
1731374094.282968,58450,0.00010533333261264488
1731374121.7800598,58950,0.00010533333261264488
1731374135.370264,59200,0.00010533333261264488
1731374173.4340625,59900,0.00010533333261264488
1731374178.8142323,60000,0.00010533333261264488
1731374233.6068623,61000,0.00010533333261264488
1731374239.1317143,61050,0.00010768420906970277
1731374250.65751,61250,0.00010768420906970277
1731374253.1145642,61300,0.00010768420906970277
1731374255.520387,61350,0.00010768420906970277
1731374305.359607,62250,0.00010768420906970277
1731374319.1158617,62500,0.00010768420906970277
1731374337.4990041,62850,0.00010768420906970277
1731374340.1459804,62900,0.00010768420906970277
1731374356.7419786,63200,0.00010768420906970277
1731374362.5002267,63300,0.00010768420906970277
1731374376.4814408,63550,0.00010768420906970277
1731374381.531401,63650,0.00010768420906970277
1731374453.5836818,64850,0.00010984999971697107
1731374459.4836292,64950,0.00010984999971697107
1731374465.112622,65050,0.00010984999971697107
1731374489.193116,65450,0.00010984999971697107
1731374497.7676032,65600,0.00010984999971697107
1731374522.1308963,66000,0.00010984999971697107
1731374530.4903176,66150,0.00010984999971697107
1731374539.053387,66300,0.00010984999971697107
1731374577.597233,66950,0.00010984999971697107
1731374597.453281,67300,0.00010984999971697107
1731374618.995068,67600,0.00011180952424183488
1731374637.085211,67900,0.00011180952424183488
1731374639.6829784,67950,0.00011180952424183488
1731374656.482871,68250,0.00011180952424183488
1731374687.0452979,68750,0.00011180952424183488
1731374701.8417425,69000,0.00011180952424183488
1731374704.4196484,69050,0.00011180952424183488
1731374713.5541172,69200,0.00011180952424183488
1731374730.4996722,69500,0.00011180952424183488
1731374736.27265,69600,0.00011180952424183488
1731374744.7451742,69750,0.00011180952424183488
1731374753.7447245,69900,0.00011180952424183488
1731374761.6892757,70050,0.00011180952424183488
1731374764.9504097,70100,0.00011180952424183488
1731374819.501525,71000,0.000113363639684394
1731374863.3520288,71750,0.000113363639684394
1731374907.0612357,72500,0.000113363639684394
1731374916.1444736,72650,0.000113363639684394
1731374918.6743536,72700,0.000113363639684394
1731374925.098912,72800,0.000113363639684394
1731374927.737296,72850,0.000113363639684394
1731374992.1124682,73900,0.00011500000255182385
1731374995.821725,73950,0.00011500000255182385
1731375011.0957143,74200,0.00011500000255182385
1731375019.2904732,74350,0.00011500000255182385
1731375031.6502655,74550,0.00011500000255182385
1731375036.8695767,74650,0.00011500000255182385
1731375048.4426074,74850,0.00011500000255182385
1731375060.366442,75050,0.00011500000255182385
1731375072.0202863,75250,0.00011500000255182385
1731375143.2355406,76500,0.00011500000255182385
1731375145.811048,76550,0.00011500000255182385
1731375178.8249855,77100,0.00011658333096420392
1731375201.0127428,77500,0.00011658333096420392
1731375203.4771512,77550,0.00011658333096420392
1731375212.3642635,77700,0.00011658333096420392
1731375217.2958555,77800,0.00011658333096420392
1731375219.769293,77850,0.00011658333096420392
1731375244.6396337,78300,0.00011658333096420392
1731375263.21283,78650,0.00011658333096420392
1731375304.8187747,79400,0.00011658333096420392
1731375307.331849,79450,0.00011658333096420392
1731375316.3036597,79600,0.00011658333096420392
1731375373.0922499,80550,0.00011836000339826569
1731375386.8474147,80800,0.00011836000339826569
1731375389.4702802,80850,0.00011836000339826569
1731375394.6082678,80950,0.00011836000339826569
1731375414.24208,81300,0.00011836000339826569
1731375432.7475255,81650,0.00011836000339826569
1731375435.190518,81700,0.00011836000339826569
1731375461.078901,82150,0.00011836000339826569
1731375472.6122255,82350,0.00011836000339826569
1731375478.0276823,82450,0.00011836000339826569
1731375489.927246,82650,0.00011836000339826569
1731375517.4393606,83100,0.00011836000339826569
1731375536.9511106,83450,0.00011836000339826569
1731375540.5869513,83500,0.00011836000339826569
1731375558.0456052,83750,0.00012011538638034835
1731375579.1454673,84150,0.00012011538638034835
1731375604.8188317,84600,0.00012011538638034835
1731375607.3081818,84650,0.00012011538638034835
1731375618.4341562,84850,0.00012011538638034835
1731375632.411779,85100,0.00012011538638034835
1731375640.2840881,85250,0.00012011538638034835
1731375646.0615823,85350,0.00012011538638034835
1731375653.516,85500,0.00012011538638034835
1731375662.3175352,85650,0.00012011538638034835
1731375673.4748404,85850,0.00012011538638034835
1731375694.5035028,86250,0.00012011538638034835
1731375716.9345448,86650,0.00012011538638034835
1731375731.0967796,86850,0.00012159259495092556
1731375738.4312909,87000,0.00012159259495092556
1731375741.1342402,87050,0.00012159259495092556
1731375758.0623193,87350,0.00012159259495092556
1731375760.7650552,87400,0.00012159259495092556
1731375781.6822937,87800,0.00012159259495092556
1731375792.7841628,88000,0.00012159259495092556
1731375795.217466,88050,0.00012159259495092556
1731375797.8912644,88100,0.00012159259495092556
1731375804.0205863,88200,0.00012159259495092556
1731375811.4049056,88350,0.00012159259495092556
1731375831.4658914,88700,0.00012159259495092556
1731375834.016807,88750,0.00012159259495092556
1731375855.5462806,89150,0.00012159259495092556
1731375858.8991299,89200,0.00012159259495092556
1731375882.7529135,89650,0.00012159259495092556
1731375893.9195583,89850,0.00012159259495092556
1731375904.1050847,89950,0.00012289285950828344
1731375911.5394566,90100,0.00012289285950828344
1731375925.7112963,90350,0.00012289285950828344
1731375928.464822,90400,0.00012289285950828344
1731375934.8664737,90500,0.00012289285950828344
1731375937.3774989,90550,0.00012289285950828344
1731375940.0466886,90600,0.00012289285950828344
1731375954.5715723,90850,0.00012289285950828344
1731375995.8496854,91550,0.00012289285950828344
1731376021.7897732,92000,0.00012289285950828344
1731376039.0255566,92300,0.00012289285950828344
1731376059.036892,92650,0.00012289285950828344
1731376062.725573,92700,0.00012289285950828344
1731376092.241288,93150,0.0001242758589796722
1731376113.0111396,93500,0.0001242758589796722
1731376148.5264285,94100,0.0001242758589796722
1731376168.5695283,94450,0.0001242758589796722
1731376174.5268438,94550,0.0001242758589796722
1731376185.5724616,94750,0.0001242758589796722
1731376215.2013721,95250,0.0001242758589796722
1731376218.3713923,95300,0.0001242758589796722
1731376227.318763,95450,0.0001242758589796722
1731376241.9484885,95700,0.0001242758589796722
1731376253.4226718,95900,0.0001242758589796722
1731376295.694333,96550,0.0001252999936696142
1731376303.8945227,96700,0.0001252999936696142
1731376322.0580285,97000,0.0001252999936696142
1731376324.8651013,97050,0.0001252999936696142
1731376327.3971279,97100,0.0001252999936696142
1731376379.4422028,97900,0.0001252999936696142
1731376431.1897764,98800,0.0001252999936696142
1731376448.2200475,99100,0.0001252999936696142
1731376470.3005755,99450,0.0001252999936696142
1731376490.1184208,99750,0.00012622580106835812
1731376502.2291727,99950,0.00012622580106835812
1731376507.6593387,100050,0.00012622580106835812
1731376513.7826595,100150,0.00012622580106835812
1731376529.985682,100450,0.00012622580106835812
1731376538.0747907,100600,0.00012622580106835812
1731376543.6841228,100700,0.00012622580106835812
1731376552.1231368,100850,0.00012622580106835812
1731376561.1842186,101000,0.00012622580106835812
1731376570.217883,101150,0.00012622580106835812
1731376596.4808593,101600,0.00012622580106835812
1731376602.000496,101700,0.00012622580106835812
1731376635.184291,102300,0.00012622580106835812
1731376638.6562788,102350,0.00012622580106835812
1731376641.5892098,102400,0.00012622580106835812
1731376685.4523427,103100,0.0001269375061383471
1731376696.2505665,103300,0.0001269375061383471
1731376707.3430178,103500,0.0001269375061383471
1731376719.0205076,103700,0.0001269375061383471
1731376721.5225558,103750,0.0001269375061383471
1731376730.3959491,103900,0.0001269375061383471
1731376735.670505,104000,0.0001269375061383471
1731376742.0584073,104100,0.0001269375061383471
1731376763.8742826,104500,0.0001269375061383471
1731376770.6888945,104600,0.0001269375061383471
1731376778.8608205,104750,0.0001269375061383471
1731376788.2986805,104900,0.0001269375061383471
1731376798.1036773,105050,0.0001269375061383471
1731376804.0385702,105150,0.0001269375061383471
1731376814.1201172,105300,0.0001269375061383471
1731376824.338995,105450,0.0001269375061383471
1731376875.8721006,106250,0.0001276363618671894
1731376895.172841,106600,0.0001276363618671894
1731376908.9082766,106850,0.0001276363618671894
1731376912.2482266,106900,0.0001276363618671894
1731376915.3567703,106950,0.0001276363618671894
1731376920.5026772,107050,0.0001276363618671894
1731376923.0118313,107100,0.0001276363618671894
1731376929.6497316,107200,0.0001276363618671894
1731376935.0103395,107300,0.0001276363618671894
1731376946.7344859,107500,0.0001276363618671894
1731376958.292094,107700,0.0001276363618671894
1731376971.923154,107950,0.0001276363618671894
1731376976.846394,108050,0.0001276363618671894
1731376995.3064141,108400,0.0001276363618671894
1731377003.919603,108550,0.0001276363618671894
1731377017.611452,108800,0.0001276363618671894
1731377028.9149046,109000,0.0001276363618671894
1731377045.9440951,109250,0.00012835294182877988
1731377050.866581,109350,0.00012835294182877988
1731377053.3919196,109400,0.00012835294182877988
1731377080.970252,109900,0.00012835294182877988
1731377084.0321145,109950,0.00012835294182877988
1731377094.7776706,110150,0.00012835294182877988
1731377103.657724,110300,0.00012835294182877988
1731377111.3407757,110450,0.00012835294182877988
1731377114.7875683,110500,0.00012835294182877988
1731377122.2463574,110650,0.00012835294182877988
1731377124.7711864,110700,0.00012835294182877988
1731377131.0248678,110800,0.00012835294182877988
1731377144.724019,111050,0.00012835294182877988
1731377147.193326,111100,0.00012835294182877988
1731377165.9324133,111450,0.00012835294182877988
1731377168.2888496,111500,0.00012835294182877988
1731377179.5634348,111700,0.00012835294182877988
1731377185.1828983,111800,0.00012835294182877988
1731377191.210265,111900,0.00012835294182877988
1731377202.267998,112100,0.00012835294182877988
1731377232.8623958,112600,0.00012880000576842576
1731377238.1000106,112700,0.00012880000576842576
1731377244.429859,112800,0.00012880000576842576
1731377247.1088276,112850,0.00012880000576842576
1731377258.0910757,113050,0.00012880000576842576
1731377265.717146,113200,0.00012880000576842576
1731377288.3236084,113600,0.00012880000576842576
1731377298.4607832,113800,0.00012880000576842576
1731377337.0397167,114500,0.00012880000576842576
1731377348.3582885,114700,0.00012880000576842576
1731377353.6805296,114800,0.00012880000576842576
1731377368.68017,115050,0.00012880000576842576
1731377371.2891743,115100,0.00012880000576842576
1731377378.3385634,115200,0.00012880000576842576
1731377383.6559625,115300,0.00012880000576842576
1731377386.2177427,115350,0.00012880000576842576
1731377392.873919,115450,0.00012880000576842576
1731377398.437266,115550,0.00012880000576842576
1731377402.6458545,115600,0.00012880000576842576
1731377428.261002,115950,0.00012941667228005826
1731377437.2779155,116100,0.00012941667228005826
1731377451.4022927,116350,0.00012941667228005826
1731377485.2208867,116950,0.00012941667228005826
1731377497.1439974,117150,0.00012941667228005826
1731377506.0759096,117300,0.00012941667228005826
1731377534.8671596,117800,0.00012941667228005826
1731377553.3427968,118100,0.00012941667228005826
1731377556.1777623,118150,0.00012941667228005826
1731377562.084817,118250,0.00012941667228005826
1731377571.1422222,118400,0.00012941667228005826
1731377580.2292128,118550,0.00012941667228005826
1731377582.8376129,118600,0.00012941667228005826
1731377585.3187664,118650,0.00012941667228005826
1731377616.5938363,119150,0.0001299729774473235
1731377620.2498295,119200,0.0001299729774473235
1731377623.4546309,119250,0.0001299729774473235
1731377628.6021085,119350,0.0001299729774473235
1731377663.5093281,119950,0.0001299729774473235
1731377667.0134873,120000,0.0001299729774473235
1731377669.7361882,120050,0.0001299729774473235
1731377672.412218,120100,0.0001299729774473235
1731377695.8956244,120500,0.0001299729774473235
1731377722.0087235,120950,0.0001299729774473235
1731377772.0174422,121800,0.0001299729774473235
1731377819.043309,122500,0.00013050000416114926
1731377830.6546407,122700,0.00013050000416114926
1731377833.2144313,122750,0.00013050000416114926
1731377839.7001183,122850,0.00013050000416114926
1731377862.439445,123250,0.00013050000416114926
1731377868.9928663,123350,0.00013050000416114926
1731377880.5275757,123550,0.00013050000416114926
1731377910.79359,124050,0.00013050000416114926
1731377933.0800056,124450,0.00013050000416114926
1731377935.6986785,124500,0.00013050000416114926
1731377967.2011077,125050,0.00013050000416114926
1731377992.9432557,125450,0.0001308974315179512
1731378012.1158943,125750,0.0001308974315179512
1731378014.8041525,125800,0.0001308974315179512
1731378020.4247947,125900,0.0001308974315179512
1731378027.2432747,126000,0.0001308974315179512
1731378042.2844324,126250,0.0001308974315179512
1731378096.1294947,127200,0.0001308974315179512
1731378113.6456804,127500,0.0001308974315179512
1731378116.319919,127550,0.0001308974315179512
1731378144.862421,128050,0.0001308974315179512
1731378150.2035997,128150,0.0001308974315179512
1731378159.2329135,128300,0.0001308974315179512
1731378161.8436706,128350,0.0001308974315179512
1731378164.421067,128400,0.0001308974315179512
1731378200.323259,128950,0.0001312749955104664
1731378208.4831395,129100,0.0001312749955104664
1731378227.0471907,129400,0.0001312749955104664
1731378241.754501,129650,0.0001312749955104664
1731378247.5461967,129750,0.0001312749955104664
1731378252.987623,129850,0.0001312749955104664
1731378259.3374634,129950,0.0001312749955104664
1731378287.0908484,130400,0.0001312749955104664
1731378298.8182223,130600,0.0001312749955104664
1731378310.3616245,130800,0.0001312749955104664
1731378316.681007,130900,0.0001312749955104664
1731378324.0419066,131050,0.0001312749955104664
1731378348.9225893,131500,0.0001312749955104664
1731378351.389213,131550,0.0001312749955104664
1731378382.0823107,132050,0.00013136585766915232
1731378388.3048902,132150,0.00013136585766915232
1731378420.8454633,132750,0.00013136585766915232
1731378423.2900426,132800,0.00013136585766915232
1731378425.870538,132850,0.00013136585766915232
1731378429.2259002,132900,0.00013136585766915232
1731378437.0195758,133050,0.00013136585766915232
1731378448.287461,133250,0.00013136585766915232
1731378464.3473814,133550,0.00013136585766915232
1731378466.8511243,133600,0.00013136585766915232
1731378475.5091348,133750,0.00013136585766915232
1731378496.9378731,134150,0.00013136585766915232
1731378510.4542348,134400,0.00013136585766915232
1731378519.1255481,134550,0.00013136585766915232
1731378527.0356565,134700,0.00013136585766915232
1731378530.3480191,134750,0.00013136585766915232
1731378549.5903125,135050,0.00013161904644221067
1731378554.6628354,135150,0.00013161904644221067
1731378571.4550076,135450,0.00013161904644221067
1731378579.0814362,135600,0.00013161904644221067
1731378587.7716713,135750,0.00013161904644221067
1731378601.365393,136000,0.00013161904644221067
1731378655.3742735,136950,0.00013161904644221067
1731378667.3315067,137150,0.00013161904644221067
1731378673.8450952,137250,0.00013161904644221067
1731378688.005531,137500,0.00013161904644221067
1731378701.988513,137750,0.00013161904644221067
1731378742.3210847,138400,0.0001317907008342445
1731378754.0872314,138600,0.0001317907008342445
1731378763.141122,138750,0.0001317907008342445
1731378806.103338,139500,0.0001317907008342445
1731378837.4042602,140050,0.0001317907008342445
1731378840.3569808,140100,0.0001317907008342445
1731378849.65837,140250,0.0001317907008342445
1731378866.7389874,140550,0.0001317907008342445
1731378887.8393128,140900,0.0001317907008342445
1731378890.4959867,140950,0.0001317907008342445
1731378893.0388238,141000,0.0001317907008342445
1731378896.0436387,141050,0.0001317907008342445
1731378898.953393,141100,0.0001317907008342445
1731378902.7424676,141150,0.0001317907008342445
1731378928.380009,141550,0.00013225000293459743
1731378994.9285102,142700,0.00013225000293459743
1731378997.3819063,142750,0.00013225000293459743
1731379000.408106,142800,0.00013225000293459743
1731379021.673913,143150,0.00013225000293459743
1731379052.9822714,143700,0.00013225000293459743
1731379058.476686,143800,0.00013225000293459743
1731379093.6136856,144400,0.00013225000293459743
1731379096.1858292,144450,0.00013225000293459743
1731379108.8295202,144600,0.00013275555102154613
1731379114.637284,144700,0.00013275555102154613
1731379118.1407876,144750,0.00013275555102154613
1731379123.2795036,144850,0.00013275555102154613
1731379178.2908173,145800,0.00013275555102154613
1731379192.5817173,146050,0.00013275555102154613
1731379201.4814656,146200,0.00013275555102154613
1731379211.894111,146350,0.00013275555102154613
1731379237.432835,146800,0.00013275555102154613
1731379240.1769083,146850,0.00013275555102154613
1731379257.0843146,147150,0.00013275555102154613
1731379263.4097083,147250,0.00013275555102154613
1731379266.049383,147300,0.00013275555102154613
1731379282.8365335,147600,0.00013275555102154613
1731379291.461843,147750,0.00013275555102154613
1731379312.155154,148050,0.00013330434740055352
1731379317.5940306,148150,0.00013330434740055352
1731379324.1723094,148250,0.00013330434740055352
1731379332.0794117,148400,0.00013330434740055352
1731379358.0265446,148850,0.00013330434740055352
1731379372.3702285,149100,0.00013330434740055352
1731379378.3543916,149200,0.00013330434740055352
1731379381.524349,149250,0.00013330434740055352
1731379384.0472095,149300,0.00013330434740055352
1731379415.1925957,149850,0.00013330434740055352
1731379443.687336,150350,0.00013330434740055352
1731379467.6390126,150750,0.00013330434740055352
1731379522.713042,151600,0.00013393617700785398
1731379543.0095413,151950,0.00013393617700785398
1731379545.6754162,152000,0.00013393617700785398
1731379554.8784227,152150,0.00013393617700785398
1731379583.8454528,152650,0.00013393617700785398
1731379599.9942925,152950,0.00013393617700785398
1731379611.333688,153150,0.00013393617700785398
1731379625.125166,153400,0.00013393617700785398
1731379630.094401,153500,0.00013393617700785398
1731379635.231555,153600,0.00013393617700785398
1731379641.1712563,153700,0.00013393617700785398
1731379646.1485965,153800,0.00013393617700785398
1731379657.203456,154000,0.00013393617700785398
1731379659.6366708,154050,0.00013393617700785398
1731379671.5167778,154200,0.00013452082930598408
1731379687.8197668,154500,0.00013452082930598408
1731379693.0343246,154600,0.00013452082930598408
1731379701.5008023,154750,0.00013452082930598408
1731379723.3848264,155150,0.00013452082930598408
1731379728.8481395,155250,0.00013452082930598408
1731379731.2628977,155300,0.00013452082930598408
1731379733.6780744,155350,0.00013452082930598408
1731379755.9596224,155750,0.00013452082930598408
1731379797.1541352,156500,0.00013452082930598408
1731379802.2924502,156600,0.00013452082930598408
1731379807.809705,156700,0.00013452082930598408
1731379813.7355173,156800,0.00013452082930598408
1731379818.853472,156900,0.00013452082930598408
1731379844.3223288,157350,0.00013452082930598408
1731379859.2689955,157550,0.00013497959298547357
1731379897.8147082,158200,0.00013497959298547357
1731379908.8679955,158400,0.00013497959298547357
1731379964.3808975,159350,0.00013497959298547357
1731380007.6462393,160100,0.00013497959298547357
1731380011.4145262,160150,0.00013497959298547357
1731380028.4306195,160450,0.00013497959298547357
1731380030.9833364,160500,0.00013497959298547357
1731380041.1866484,160600,0.0001353999978164211
1731380048.711821,160750,0.0001353999978164211
1731380062.7150192,161000,0.0001353999978164211
1731380074.866037,161200,0.0001353999978164211
1731380079.9683042,161300,0.0001353999978164211
1731380126.4034705,162100,0.0001353999978164211
1731380146.8568773,162450,0.0001353999978164211
1731380158.1314137,162650,0.0001353999978164211
1731380176.5962226,163000,0.0001353999978164211
1731380179.1124935,163050,0.0001353999978164211
1731380198.3363042,163400,0.0001353999978164211
1731380206.3526003,163550,0.0001353999978164211
1731380275.2359002,164750,0.00013578431389760226
1731380283.0232797,164900,0.00013578431389760226
1731380302.665296,165250,0.00013578431389760226
1731380310.527321,165400,0.00013578431389760226
1731380313.8245018,165450,0.00013578431389760226
1731380319.3328586,165550,0.00013578431389760226
1731380321.7867658,165600,0.00013578431389760226
1731380341.12705,165950,0.00013578431389760226
1731380346.945646,166050,0.00013578431389760226
1731380376.8652709,166600,0.00013578431389760226
1731380390.6492727,166850,0.00013578431389760226
1731380419.8446705,167300,0.0001361538452329114
1731380425.082114,167400,0.0001361538452329114
1731380431.8400598,167500,0.0001361538452329114
1731380442.92915,167700,0.0001361538452329114
1731380451.777283,167850,0.0001361538452329114
1731380489.8574083,168500,0.0001361538452329114
1731380494.9568279,168600,0.0001361538452329114
1731380511.6133828,168900,0.0001361538452329114
1731380534.406303,169300,0.0001361538452329114
1731380551.1246617,169600,0.0001361538452329114
1731380553.6065822,169650,0.0001361538452329114
1731380556.2057755,169700,0.0001361538452329114
1731380567.3341208,169900,0.0001361538452329114
1731380581.0368676,170150,0.0001361538452329114
1731380604.4990325,170500,0.00013650943583343178
1731380625.8811011,170900,0.00013650943583343178
1731380637.1919525,171100,0.00013650943583343178
1731380648.6276014,171300,0.00013650943583343178
1731380653.5967538,171400,0.00013650943583343178
1731380670.0641968,171700,0.00013650943583343178
1731380678.8462822,171850,0.00013650943583343178
1731380683.9258893,171950,0.00013650943583343178
1731380689.8766441,172050,0.00013650943583343178
1731380695.1594312,172150,0.00013650943583343178
1731380703.2344496,172300,0.00013650943583343178
1731380716.2334454,172550,0.00013650943583343178
1731380749.7654402,173150,0.00013650943583343178
1731380763.315089,173400,0.00013650943583343178
1731380780.770952,173650,0.00013674073852598667
1731380829.589524,174550,0.00013674073852598667
1731380840.8519092,174750,0.00013674073852598667
1731380849.3628933,174900,0.00013674073852598667
1731380863.5336902,175150,0.00013674073852598667
1731380882.5106847,175500,0.00013674073852598667
1731380893.643281,175700,0.00013674073852598667
1731380898.6523952,175800,0.00013674073852598667
1731380915.0294447,176100,0.00013674073852598667
1731380917.5515192,176150,0.00013674073852598667
1731380934.3666854,176450,0.00013674073852598667
1731380956.735404,176800,0.00013703636068385094
1731380973.0850036,177100,0.00013703636068385094
1731380981.852606,177250,0.00013703636068385094
1731380998.0404966,177550,0.00013703636068385094
1731381028.8848245,178100,0.00013703636068385094
1731381034.1690817,178200,0.00013703636068385094
1731381054.4414318,178550,0.00013703636068385094
1731381061.9824862,178700,0.00013703636068385094
1731381070.508062,178850,0.00013703636068385094
1731381075.3848388,178950,0.00013703636068385094
1731381089.3574572,179200,0.00013703636068385094
1731381137.3737264,180000,0.00013735714310314506
1731381142.4776719,180100,0.00013735714310314506
1731381145.0116909,180150,0.00013735714310314506
1731381156.3546257,180350,0.00013735714310314506
1731381158.8169968,180400,0.00013735714310314506
1731381169.9831305,180600,0.00013735714310314506
1731381174.8982317,180700,0.00013735714310314506
1731381191.1170712,181000,0.00013735714310314506
1731381194.7176058,181050,0.00013735714310314506
1731381213.4447105,181400,0.00013735714310314506
1731381246.5751288,182000,0.00013735714310314506
1731381260.5424929,182250,0.00013735714310314506
1731381269.1386838,182400,0.00013735714310314506
1731381293.1909194,182850,0.00013735714310314506
1731381296.390209,182900,0.00013735714310314506
1731381316.0053258,183200,0.00013759649300482124
1731381318.4334955,183250,0.00013759649300482124
1731381357.0735362,183950,0.00013759649300482124
1731381368.5730512,184150,0.00013759649300482124
1731381373.4677444,184250,0.00013759649300482124
1731381378.4811647,184350,0.00013759649300482124
1731381387.1510623,184500,0.00013759649300482124
1731381395.5289118,184650,0.00013759649300482124
1731381420.2229974,185100,0.00013759649300482124
1731381436.8040123,185400,0.00013759649300482124
1731381442.858078,185500,0.00013759649300482124
1731381473.010919,186050,0.00013759649300482124
1731381475.4512908,186100,0.00013759649300482124
1731381495.4945357,186400,0.0001379655150230974
1731381515.2238054,186750,0.0001379655150230974
1731381580.8752396,187950,0.0001379655150230974
1731381589.2274647,188100,0.0001379655150230974
1731381598.8104663,188250,0.0001379655150230974
1731381604.0672255,188350,0.0001379655150230974
1731381661.881008,189400,0.0001379655150230974
1731381673.6030734,189550,0.00013833898992743343
1731381685.037251,189750,0.00013833898992743343
1731381687.5258725,189800,0.00013833898992743343
1731381690.1184404,189850,0.00013833898992743343
1731381706.32638,190150,0.00013833898992743343
1731381715.2881603,190300,0.00013833898992743343
1731381720.5317438,190400,0.00013833898992743343
1731381746.222711,190850,0.00013833898992743343
1731381765.1708977,191200,0.00013833898992743343
1731381780.8634217,191450,0.00013833898992743343
1731381804.710201,191850,0.00013833898992743343
1731381816.0838141,192050,0.00013833898992743343
1731381821.1358032,192150,0.00013833898992743343
1731381826.1916022,192250,0.00013833898992743343
1731381865.633401,192900,0.0001387833326589316
1731381871.12373,193000,0.0001387833326589316
1731381879.2589786,193150,0.0001387833326589316
1731381911.6830778,193750,0.0001387833326589316
1731381922.8926744,193950,0.0001387833326589316
1731381936.3932273,194200,0.0001387833326589316
1731381941.2962534,194300,0.0001387833326589316
1731381969.1190796,194800,0.0001387833326589316
1731381975.370907,194900,0.0001387833326589316
1731381980.3503535,195000,0.0001387833326589316
1731382015.5624757,195650,0.0001387833326589316
1731382035.413107,195950,0.00013911475252825767
1731382063.2782943,196450,0.00013911475252825767
1731382077.2065918,196700,0.00013911475252825767
1731382096.2578833,197050,0.00013911475252825767
1731382105.172403,197200,0.00013911475252825767
1731382110.1093953,197300,0.00013911475252825767
1731382165.4980445,198300,0.00013911475252825767
1731382168.0251257,198350,0.00013911475252825767
1731382170.5923877,198400,0.00013911475252825767
1731382184.4479969,198650,0.00013911475252825767
1731382190.7562978,198750,0.00013911475252825767
1731382207.1929214,199050,0.00013911475252825767
1731382221.6170151,199250,0.00013943547673989087
1731382242.9554603,199650,0.00013943547673989087
1731382260.3139064,199950,0.00013943547673989087
1731382263.132163,200000,0.00013943547673989087
1731382273.4149024,200200,0.00013943547673989087
1731382303.6289783,200750,0.00013943547673989087
1731382320.588613,201050,0.00013943547673989087
1731382336.581717,201350,0.00013943547673989087
1731382344.496665,201500,0.00013943547673989087
1731382385.7176929,202250,0.00013943547673989087
1731382400.0388303,202450,0.00013974602916277945
1731382420.1953175,202800,0.00013974602916277945
1731382430.4658594,203000,0.00013974602916277945
1731382444.1333842,203250,0.00013974602916277945
1731382457.9352717,203500,0.00013974602916277945
1731382468.898783,203700,0.00013974602916277945
1731382471.3821676,203750,0.00013974602916277945
1731382477.6437852,203850,0.00013974602916277945
1731382502.4686115,204300,0.00013974602916277945
1731382505.6124058,204350,0.00013974602916277945
1731382535.358873,204900,0.00013974602916277945
1731382540.3388155,205000,0.00013974602916277945
1731382542.7744963,205050,0.00013974602916277945
1731382562.8847153,205400,0.00013974602916277945
1731382567.8278484,205500,0.00013974602916277945
1731382570.3012626,205550,0.00013974602916277945
1731382577.4034336,205600,0.000140078118420206
1731382580.0557973,205650,0.000140078118420206
1731382591.5797794,205850,0.000140078118420206
1731382596.5127697,205950,0.000140078118420206
1731382656.0673783,207050,0.000140078118420206
1731382664.7765703,207200,0.000140078118420206
1731382704.170711,207900,0.000140078118420206
1731382718.2563834,208150,0.000140078118420206
1731382721.020299,208200,0.000140078118420206
1731382725.997462,208300,0.000140078118420206
1731382748.2530715,208700,0.000140078118420206
1731382765.313812,208950,0.0001403230708092451
1731382784.678672,209300,0.0001403230708092451
1731382862.9445963,210700,0.0001403230708092451
1731382882.054052,211050,0.0001403230708092451
1731382911.809661,211600,0.0001403230708092451
1731382925.4854944,211850,0.0001403230708092451
1731382953.9602654,212300,0.00014051515609025955
1731382956.574775,212350,0.00014051515609025955
1731382986.1537776,212900,0.00014051515609025955
1731382989.5198958,212950,0.00014051515609025955
1731382994.7366536,213050,0.00014051515609025955
1731382999.6457038,213150,0.00014051515609025955
1731383005.9072714,213250,0.00014051515609025955
1731383008.3271337,213300,0.00014051515609025955
1731383010.9446735,213350,0.00014051515609025955
1731383016.2136278,213450,0.00014051515609025955
1731383066.4629767,214350,0.00014051515609025955
1731383080.1771288,214600,0.00014051515609025955
1731383093.745872,214850,0.00014051515609025955
1731383101.4479513,215000,0.00014051515609025955
1731383109.9440744,215150,0.00014051515609025955
1731383129.2647157,215400,0.0001406567171216011
1731383159.1121438,215950,0.0001406567171216011
1731383183.7058878,216400,0.0001406567171216011
1731383192.395755,216550,0.0001406567171216011
1731383194.8705735,216600,0.0001406567171216011
1731383219.1194162,217050,0.0001406567171216011
1731383235.34884,217350,0.0001406567171216011
1731383278.654306,218150,0.0001406567171216011
1731383297.9120762,218450,0.0001409117685398087
1731383309.297148,218650,0.0001409117685398087
1731383316.7722502,218800,0.0001409117685398087
1731383333.2598152,219100,0.0001409117685398087
1731383339.1273777,219200,0.0001409117685398087
1731383363.5465133,219650,0.0001409117685398087
1731383373.8080215,219850,0.0001409117685398087
1731383390.3602324,220150,0.0001409117685398087
1731383404.6438448,220400,0.0001409117685398087
1731383422.038808,220700,0.0001409117685398087
1731383432.3819182,220900,0.0001409117685398087
1731383445.726326,221150,0.0001409117685398087
1731383465.5863638,221500,0.0001409117685398087
1731383480.0922434,221700,0.0001411449338775128
1731383504.3810122,222150,0.0001411449338775128
1731383512.815326,222300,0.0001411449338775128
1731383545.687512,222900,0.0001411449338775128
1731383565.6682227,223250,0.0001411449338775128
1731383573.1473064,223400,0.0001411449338775128
1731383579.1390452,223500,0.0001411449338775128
1731383581.9353342,223550,0.0001411449338775128
1731383592.4383683,223750,0.0001411449338775128
1731383595.4917803,223800,0.0001411449338775128
1731383597.98611,223850,0.0001411449338775128
1731383631.255849,224450,0.0001411449338775128
1731383647.3011131,224750,0.0001411449338775128
1731383650.6565497,224800,0.0001411449338775128
1731383659.145235,224900,0.00014131428906694055
1731383673.3023322,225150,0.00014131428906694055
1731383675.8458548,225200,0.00014131428906694055
1731383684.6017578,225350,0.00014131428906694055
1731383701.0070536,225650,0.00014131428906694055
1731383712.9027677,225850,0.00014131428906694055
1731383732.4482589,226200,0.00014131428906694055
1731383762.15862,226700,0.00014131428906694055
1731383779.534593,227000,0.00014131428906694055
1731383791.77744,227200,0.00014131428906694055
1731383800.4743285,227350,0.00014131428906694055
1731383822.962105,227750,0.00014131428906694055
1731383829.0009863,227850,0.00014131428906694055
1731383869.7038534,228500,0.0001414084545103833
1731383880.9751108,228700,0.0001414084545103833
1731383884.5101616,228750,0.0001414084545103833
1731383938.5043755,229700,0.0001414084545103833
1731383941.9795468,229750,0.0001414084545103833
1731383949.3654692,229900,0.0001414084545103833
1731383970.3771064,230250,0.0001414084545103833
1731383975.9059231,230350,0.0001414084545103833
1731383998.9625416,230750,0.0001414084545103833
1731384004.6425033,230850,0.0001414084545103833
1731384007.147416,230900,0.0001414084545103833
1731384048.6219008,231550,0.00014155555982142687
1731384054.2930305,231650,0.00014155555982142687
1731384057.6686664,231700,0.00014155555982142687
1731384082.1925433,232150,0.00014155555982142687
1731384091.061064,232300,0.00014155555982142687
1731384121.8836188,232850,0.00014155555982142687
1731384130.899858,233000,0.00014155555982142687
1731384136.0193634,233100,0.00014155555982142687
1731384141.8345199,233200,0.00014155555982142687
1731384177.1968465,233800,0.00014155555982142687
1731384228.4971383,234650,0.00014163013838697225
1731384243.139602,234900,0.00014163013838697225
1731384271.339019,235400,0.00014163013838697225
1731384288.8886945,235700,0.00014163013838697225
1731384308.8037837,236050,0.00014163013838697225
1731384325.7303705,236350,0.00014163013838697225
1731384332.2573233,236450,0.00014163013838697225
1731384343.42348,236650,0.00014163013838697225
1731384362.9288337,237000,0.00014163013838697225
1731384365.4706864,237050,0.00014163013838697225
1731384368.0294979,237100,0.00014163013838697225
1731384395.9239175,237600,0.00014163013838697225
1731384445.318118,238400,0.00014170270878821611
1731384459.7036493,238650,0.00014170270878821611
1731384474.5377636,238900,0.00014170270878821611
1731384491.0414677,239150,0.00014170270878821611
1731384493.8976572,239200,0.00014170270878821611
1731384500.406352,239300,0.00014170270878821611
1731384510.0936036,239450,0.00014170270878821611
1731384540.6196942,239950,0.00014170270878821611
1731384552.5057025,240150,0.00014170270878821611
1731384555.1023085,240200,0.00014170270878821611
1731384573.3565745,240500,0.00014170270878821611
1731384584.581161,240700,0.00014170270878821611
1731384587.6071928,240750,0.00014170270878821611
1731384616.023196,241150,0.00014181333244778216
1731384624.8982658,241300,0.00014181333244778216
1731384627.5172775,241350,0.00014181333244778216
1731384634.4538126,241450,0.00014181333244778216
1731384642.567028,241600,0.00014181333244778216
1731384645.6022837,241650,0.00014181333244778216
1731384649.1762478,241700,0.00014181333244778216
1731384651.8402379,241750,0.00014181333244778216
1731384663.7430782,241950,0.00014181333244778216
1731384668.8515475,242050,0.00014181333244778216
1731384677.76491,242200,0.00014181333244778216
1731384680.2594259,242250,0.00014181333244778216
1731384682.8838782,242300,0.00014181333244778216
1731384685.4758592,242350,0.00014181333244778216
1731384691.9507415,242450,0.00014181333244778216
1731384700.691295,242600,0.00014181333244778216
1731384703.481778,242650,0.00014181333244778216
1731384720.872322,242950,0.00014181333244778216
1731384737.8816795,243250,0.00014181333244778216
1731384743.112588,243350,0.00014181333244778216
1731384752.4765723,243500,0.00014181333244778216
1731384786.4860156,244100,0.00014181333244778216
1731384813.1374357,244500,0.00014194737013895065
1731384815.7097058,244550,0.00014194737013895065
1731384818.476041,244600,0.00014194737013895065
1731384836.122351,244900,0.00014194737013895065
1731384855.8466957,245250,0.00014194737013895065
1731384870.1263351,245500,0.00014194737013895065
1731384889.541715,245850,0.00014194737013895065
1731384902.173601,246050,0.00014194737013895065
1731384927.6818178,246500,0.00014194737013895065
1731384944.306812,246800,0.00014194737013895065
1731384949.8977854,246900,0.00014194737013895065
1731384958.7684307,247050,0.00014194737013895065
1731384982.978231,247400,0.00014202597958501428
1731384999.98564,247700,0.00014202597958501428
1731385008.1175537,247850,0.00014202597958501428
1731385013.9591944,247950,0.00014202597958501428
1731385016.4512322,248000,0.00014202597958501428
1731385042.4294517,248450,0.00014202597958501428
1731385071.5080922,248950,0.00014202597958501428
1731385074.0720108,249000,0.00014202597958501428
1731385097.4311676,249400,0.00014202597958501428
1731385131.594266,250000,0.00014202597958501428
1731385140.7277598,250150,0.00014202597958501428
1731385148.2540655,250300,0.00014202597958501428
1731385188.8423266,250950,0.00014211538655217737
1731385213.0165713,251350,0.00014211538655217737
1731385235.2581093,251750,0.00014211538655217737
1731385238.8870187,251800,0.00014211538655217737
1731385246.807211,251950,0.00014211538655217737
1731385253.0718522,252050,0.00014211538655217737
1731385255.9439063,252100,0.00014211538655217737
1731385295.6245003,252800,0.00014211538655217737
1731385312.782114,253100,0.00014211538655217737
1731385317.819765,253200,0.00014211538655217737
1731385363.229385,253950,0.00014220253797248006
1731385383.3695774,254300,0.00014220253797248006
1731385400.0863824,254600,0.00014220253797248006
1731385407.8224654,254750,0.00014220253797248006
1731385411.32952,254800,0.00014220253797248006
1731385419.3445606,254950,0.00014220253797248006
1731385428.4363146,255100,0.00014220253797248006
1731385448.099225,255450,0.00014220253797248006
1731385465.1206138,255750,0.00014220253797248006
1731385471.7334874,255850,0.00014220253797248006
1731385474.2857463,255900,0.00014220253797248006
1731385476.7560039,255950,0.00014220253797248006
1731385493.4607203,256250,0.00014220253797248006
1731385507.760045,256500,0.00014220253797248006
1731385539.2619154,257000,0.000142325006891042
